"","구코드","동코드","위도","경도"
"1","680","10100",37.4952552,127.0450174
"2","680","10800",37.5116709,127.0259355
"3","680","10100",37.4949478,127.0450528
"4","680","10300",37.4894267,127.0712311
"5","680","10300",37.488275,127.0720116
"6","680","11500",37.4864435,127.1052112
"7","680","10300",37.4895815,127.07115
"8","680","10300",37.4879577,127.0725022
"9","680","10300",37.4878861,127.0726669
"10","680","10600",37.4971809,127.0593468
"11","680","10600",37.4971412,127.0594404
"12","680","11500",37.4865198,127.1043651
"13","680","11400",37.4847377,127.08064
"14","680","10100",37.4944755,127.0448907
"15","680","11400",37.4918569,127.0888902
"16","680","11400",37.4920192,127.0889614
"17","680","11400",37.4921712,127.0899381
"18","680","11500",37.487283,127.103965
"19","680","11000",37.5243446,127.0223748
"20","680","10100",37.5044984,127.0485586
"21","680","11000",37.5251611,127.0215139
"22","680","11000",37.5244081,127.0221111
"23","680","10800",37.5127005,127.0269593
"24","680","10100",37.5043772,127.0488795
"25","680","10300",37.5346658,127.1159756
"26","680","10500",37.5173714,127.0230136
"27","680","10700",37.5179356,127.0233841
"28","680","10800",37.5182421,127.024081
"29","680","10100",37.5008427,127.0366719
"30","680","10600",37.4919615,127.0643734
"31","680","10100",37.5019446,127.0412851
"32","680","10500",37.5199612,127.1120912
"33","680","10500",37.5197264,127.1121604
"34","680","10500",37.5167073,127.0204213
"35","680","10700",37.5171081,127.0223983
"36","680","10500",37.5220452,127.1075957
"37","680","10100",37.5006532,127.0367677
"38","680","10500",37.521973,127.1072678
"39","680","10500",37.4689481,127.1196508
"40","680","10500",37.5093666,127.0365966
"41","680","10200",37.5094003,127.036456
"42","680","10600",37.5092833,127.0365842
"43","680","10100",37.4903915,127.0616708
"44","680","10300",37.5035097,127.0404284
"45","680","10400",37.5055075,127.0478904
"46","680","11300",37.4949861,127.0790198
"47","680","11800",37.5035731,127.0404587
"48","680","10500",37.4902523,127.0557614
"49","680","10500",37.4687874,127.1195883
"50","680","10500",37.4800312,127.0122574
"51","680","10500",37.4684552,127.0285985
"52","680","10100",37.5039853,127.0412324
"53","680","10100",37.5039054,127.0413242
"54","680","10400",37.5067577,127.0505802
"55","680","10500",37.4698564,127.1190813
"56","680","11800",37.5093335,127.0364362
"57","680","10800",37.5273142,127.0456284
"58","680","10100",37.5035573,127.0405569
"59","680","10100",37.503919,127.0412045
"60","680","10800",37.5041783,127.0438077
"61","680","10800",37.5042944,127.0438032
"62","680","10600",37.5272482,127.0456862
"63","680","10100",37.5272688,127.0457618
"64","680","10400",37.5067929,127.0515751
"65","680","10400",37.5057549,127.0505244
"66","680","11400",37.5166587,127.045507
"67","680","10200",37.4910417,127.0556541
"68","680","10200",37.4921152,127.0584013
"69","680","10600",37.4928264,127.0443515
"70","680","10600",37.5130638,127.0655806
"71","680","10800",37.4886627,127.1212935
"72","680","10400",37.4628988,127.0352277
"73","680","11800",37.507103,127.1056819
"74","680","11800",37.5055597,127.1072722
"75","680","11800",37.5069747,127.1054517
"76","680","11400",37.5330457,127.0689354
"77","680","11400",37.5326465,127.0693798
"78","680","10800",37.5141011,127.028251
"79","680","10800",37.4872851,127.0324566
"80","680","10100",37.5037526,127.0094065
"81","680","10100",37.5050005,127.0105631
"82","680","10800",37.529892,127.0237085
"83","680","10800",37.4930329,127.0596137
"84","680","11000",37.5078426,127.0170589
"85","680","10300",37.5160463,127.0121613
"86","680","10100",37.5044598,127.0102899
"87","680","10600",37.4924398,127.1184947
"88","680","10700",37.5212791,127.0300025
"89","680","11800",37.4858208,127.0860246
"90","680","10700",37.5302176,127.1139953
"91","680","10800",37.4856533,127.0871405
"92","680","10700",37.527463,127.0534675
"93","680","10800",37.5287129,127.1171576
"94","680","10800",37.5118806,127.1080176
"95","680","10700",37.4894325,127.0585328
"96","680","11400",37.4902667,127.1117137
"97","680","10700",37.4922015,127.0578062
"98","680","10700",37.519821,127.0291077
"99","680","10100",37.501263,127.0263
"100","680","10800",37.5135515,127.0318553
"101","680","11100",37.5170528,127.0104028
"102","680","10100",37.5006701,127.0260762
"103","680","10100",37.5025463,127.0377459
"104","680","11000",37.5020803,127.0216804
"105","680","10100",37.4991314,127.0320533
"106","680","10100",37.498842,127.0311319
"107","680","10100",37.5322163,127.0273244
"108","680","10100",37.532215,127.027026
"109","680","10800",37.5318675,127.0259646
"110","680","10800",37.5310227,127.0249202
"111","680","11800",37.4878641,127.0397896
"112","680","10100",37.5019482,127.0254461
"113","680","10600",37.5275052,127.0292806
"114","680","10600",37.5268506,127.0292531
"115","680","10600",37.5262546,127.0286186
"116","680","10500",37.4984397,127.0445149
"117","680","11000",37.5029508,127.0107483
"118","680","11000",37.5036821,127.0455834
"119","680","11000",37.5035281,127.0457658
"120","680","11000",37.5033262,127.0457306
"121","680","10800",37.4643304,127.1077606
"122","680","10800",37.4646334,127.1069848
"123","680","10800",37.4939712,127.0769907
"124","680","10500",37.5293113,127.0232622
"125","680","10800",37.4867667,127.1133402
"126","680","10800",37.5308465,127.0276806
"127","680","10400",37.4879068,127.0399043
"128","680","10500",37.4892185,127.0400319
"129","680","10500",37.4893023,127.040128
"130","680","10800",37.4930051,127.0775498
"131","680","10800",37.4931866,127.0778367
"132","680","10100",37.5291052,127.0334679
"133","680","10100",37.5288862,127.0337708
"134","680","10100",37.5194366,127.0129333
"135","680","11800",37.4839239,127.0282178
"136","680","10100",37.4995713,127.0270831
"137","680","10100",37.5032961,127.0442816
"138","680","10800",37.4628719,127.1077083
"139","680","11000",37.509896,127.0169419
"140","680","10100",37.5041587,127.0471564
"141","680","10100",37.5037724,127.0472783
"142","680","10100",37.5139329,127.0305638
"143","680","11000",37.5101274,127.0125618
"144","680","11000",37.5029313,127.0105873
"145","680","10800",37.4928198,127.0595408
"146","680","10800",37.4962987,127.0598689
"147","680","11000",37.5097258,127.0163539
"148","680","11000",37.5096572,127.0165503
"149","680","11000",37.5108376,127.0134332
"150","680","11000",37.5111242,127.0136025
"151","680","11800",37.5127294,127.0130837
"152","680","10100",37.5279329,127.0365627
"153","680","10100",37.5026572,127.0378165
"154","680","10200",37.4844151,127.0126731
"155","680","10200",37.469142,127.0373058
"156","680","11800",37.4996443,127.0331035
"157","680","10100",37.5026845,127.0256254
"158","680","10100",37.5025449,127.0251456
"159","680","10200",37.4859779,127.0107457
"160","680","11000",37.5044372,127.0098217
"161","680","10800",37.5140708,127.0283265
"162","680","10100",37.5146572,127.0303109
"163","680","11800",37.4847618,127.0109119
"164","680","11800",37.4858899,127.0103625
"165","680","11800",37.4997282,127.0340253
"166","680","10800",37.4908344,127.0349766
"167","680","10100",37.4979437,127.0433064
"168","680","10100",37.5026809,127.0377119
"169","680","10100",37.4934553,127.0613052
"170","680","10800",37.5134664,127.028573
"171","680","10800",37.5139894,127.0283067
"172","680","10800",37.514021,127.0281786
"173","680","10100",37.5126509,127.0203673
"174","680","10800",37.5105741,127.0191597
"175","680","10100",37.5106104,127.0196817
"176","680","11800",37.5047662,127.0106247
"177","680","10100",37.5136378,127.0318864
"178","680","10800",37.5135841,127.0319832
"179","680","10100",37.5104003,127.0193919
"180","680","10600",37.5133987,127.0124285
"181","680","10700",37.5017562,127.0399691
"182","680","10300",37.5023032,127.0411241
"183","680","10300",37.5247737,127.0250274
"184","680","10400",37.4860102,127.0752974
"185","680","11400",37.5247437,127.0501872
"186","680","10600",37.5285024,127.0300399
"187","680","10800",37.5152237,127.0353981
"188","680","11500",37.5241982,127.0487952
"189","680","10600",37.4877041,127.0532803
"190","680","10100",37.4966217,127.0597125
"191","680","10100",37.4967271,127.0243324
"192","680","11000",37.516333,127.0094482
"193","680","10800",37.5300288,127.0237143
"194","680","10100",37.5025741,127.03763
"195","680","11000",37.5043619,127.0241505
"196","680","11800",37.4812947,127.0430837
"197","680","11800",37.4810124,127.0441144
"198","680","10800",37.484944,127.0565306
"199","680","10500",37.481765,127.080128
"200","680","10300",37.482059,127.0530429
"201","680","10100",37.5126793,127.0525334
"202","680","10700",37.5015397,127.0398853
"203","680","10800",37.4862994,127.0757745
"204","680","10700",37.465211,127.1078143
"205","680","10700",37.4646698,127.1065451
"206","680","10700",37.4753826,127.1063286
"207","680","10700",37.4924613,127.0280566
"208","680","10700",37.4976427,127.0543959
"209","680","10800",37.4969379,127.0548217
"210","680","10800",37.4991369,127.0441921
"211","680","10800",37.5021467,127.0431856
"212","680","10800",37.5017868,127.0429701
"213","680","10500",37.4922027,127.0845766
"214","680","10600",37.516129,127.05954
"215","680","10400",37.4850631,127.0578223
"216","680","10800",37.4821682,127.048364
"217","680","10800",37.5320982,127.0269016
"218","680","10800",37.5308735,127.024578
"219","680","10800",37.530955,127.0244197
"220","680","11000",37.5156971,127.00917
"221","680","11000",37.5153774,127.0088365
"222","680","11000",37.5150538,127.0103338
"223","680","10600",37.5148264,127.0106678
"224","680","10600",37.5135136,127.0125159
"225","680","10600",37.5289176,127.0369611
"226","680","11800",37.5070368,127.0794811
"227","680","10500",37.4912115,127.0806839
"228","680","10100",37.4895884,127.1176996
"229","680","10100",37.5248587,127.0378545
"230","680","10100",37.5194836,127.0281684
"231","680","11800",37.4916696,127.0821647
"232","680","10700",37.4899367,127.0558542
"233","680","11400",37.5222098,127.1158714
"234","680","10700",37.4897693,127.05975
"235","680","10700",37.4925835,127.106394
"236","680","11400",37.5149844,127.0652103
"237","680","11400",37.5152144,127.0663182
"238","680","11400",37.4927183,127.1104948
"239","680","11400",37.4903921,127.1115037
"240","680","10700",37.4937002,127.0796903
"241","680","10700",37.5178874,127.0290869
"242","680","10700",37.5213614,127.030019
"243","680","11800",37.4857918,127.0863377
"244","680","10700",37.4928144,127.0599083
"245","680","10700",37.516978,127.0658543
"246","680","10800",37.5154386,127.066017
"247","680","11400",37.5215267,127.0228123
"248","680","11400",37.5122746,127.0670175
"249","680","11400",37.4880734,127.100845
"250","680","10700",37.5227882,127.0197068
"251","680","10700",37.5225546,127.0196893
"252","680","10700",37.5180226,127.0192363
"253","680","10700",37.4932517,127.1102254
"254","680","10700",37.493756,127.1099803
"255","680","10700",37.4932527,127.0831803
"256","680","10800",37.5154883,127.0665588
"257","680","10700",37.5152573,127.0652757
"258","680","10800",37.5150825,127.064369
"259","680","10800",37.5149306,127.0634382
"260","680","11400",37.4886379,127.1021209
"261","680","11400",37.4907107,127.1011656
"262","680","11400",37.4886933,127.1057373
"263","680","11400",37.4885141,127.1049201
"264","680","10500",37.5200169,127.1144348
"265","680","11500",37.4947413,127.1094895
"266","680","11500",37.4949493,127.109694
"267","680","11500",37.4975405,127.1080748
"268","680","11400",37.4891689,127.1044826
"269","680","10700",37.5162265,127.1165703
"270","680","11400",37.4884368,127.100305
"271","680","10700",37.4933295,127.0830585
"272","680","10700",37.493432,127.0830885
"273","680","10800",37.5025594,127.0819775
"274","680","10800",37.5098786,127.067414
"275","680","11500",37.4904634,127.1117851
"276","680","11400",37.49067,127.1117415
"277","680","11500",37.4890584,127.1122883
"278","680","11400",37.5225678,127.1154961
"279","680","10700",37.5101308,127.0663667
"280","680","10600",37.508208,127.0670535
"281","680","10600",37.5085572,127.0668523
"282","680","10600",37.5098096,127.0655927
"283","680","11400",37.5094442,127.0657082
"284","680","10500",37.4897738,127.1091142
"285","680","10300",37.4893845,127.0557207
"286","680","10400",37.5063983,127.1158504
"287","680","11800",37.4934963,127.0796179
"288","680","10600",37.5275686,127.0381775
"289","680","11400",37.4897611,127.0985241
"290","680","11800",37.4838132,127.0866117
"291","680","11400",37.4899926,127.1014928
"292","680","10500",37.489664,127.1094334
"293","680","10700",37.5216236,127.0227223
"294","680","10700",37.4897964,127.0596226
"295","680","10300",37.4793705,127.0507856
"296","680","10700",37.5057547,127.0664488
"297","680","10700",37.5152027,127.1104194
"298","680","11800",37.4854996,127.083495
"299","680","10700",37.4921983,127.0581823
"300","680","10700",37.4924546,127.0583374
"301","680","10700",37.4854841,127.0833309
"302","680","10700",37.4954996,127.0859244
"303","680","11400",37.5146928,127.0635172
"304","680","11400",37.4890981,127.1046654
"305","680","11400",37.4881986,127.0529504
"306","680","10300",37.4879706,127.0553607
"307","680","10300",37.4879831,127.0556028
"308","680","11400",37.4894106,127.0560385
"309","680","10400",37.5160595,127.1158113
"310","680","10600",37.5165545,127.1160379
"311","680","10700",37.5048425,127.0863127
"312","680","10700",37.4901929,127.062053
"313","680","10400",37.5055002,127.1208289
"314","680","11100",37.5176266,127.011121
"315","680","11100",37.5170922,127.0105808
"316","680","11100",37.5171916,127.0103124
"317","680","10300",37.5162201,127.0118508
"318","680","11400",37.5163012,127.0120689
"319","680","11800",37.5164902,127.0099777
"320","680","10100",37.5021971,127.0364726
"321","680","10600",37.5176111,127.0230988
"322","680","10700",37.4855763,127.0832949
"323","680","11400",37.5218336,127.022677
"324","680","10700",37.5212294,127.0300893
"325","680","10700",37.5213112,127.0301046
"326","680","10700",37.5198116,127.0291144
"327","680","11800",37.5217837,127.0280622
"328","680","10400",37.5303224,127.107425
"329","680","10700",37.514355,127.107905
"330","680","10700",37.5150532,127.113717
"331","680","10400",37.5160644,127.116477
"332","680","10400",37.4991126,127.1224206
"333","680","10400",37.4991503,127.1225418
"334","680","11400",37.4911448,127.1009756
"335","680","10700",37.5174067,127.1129088
"336","680","10700",37.5319269,127.1062758
"337","680","11800",37.5023113,127.0362409
"338","680","10700",37.4944664,127.1094222
"339","680","11400",37.5082059,127.067698
"340","680","10700",37.5044142,127.0877329
"341","680","10700",37.5049335,127.0864911
"342","680","10600",37.516428,127.1153827
"343","680","10400",37.5276902,127.0830405
"344","680","11400",37.5214858,127.0228852
"345","680","10400",37.5325655,127.0916201
"346","680","10300",37.4889457,127.0573201
"347","680","10700",37.4901657,127.0533498
"348","680","10700",37.4907576,127.0614057
"349","680","10800",37.4901086,127.0615177
"350","680","10200",37.5025442,127.059108
"351","680","10100",37.517609,127.0402157
"352","680","10500",37.5051138,127.0647856
"353","680","10500",37.4909623,127.0805347
"354","680","10400",37.4917815,127.1167492
"355","680","10400",37.5235358,127.0372913
"356","680","11000",37.5088135,127.0567244
"357","680","11000",37.5087356,127.056712
"358","680","11400",37.5216883,127.03355
"359","680","10500",37.521735,127.033772
"360","680","10500",37.5201083,127.022957
"361","680","11200",37.5186913,127.0408718
"362","680","10800",37.5018578,127.0545535
"363","680","10400",37.5177858,127.0517563
"364","680","10400",37.5177396,127.0518507
"365","680","10600",37.527686,127.0335875
"366","680","10100",37.5162556,127.0841894
"367","680","10500",37.5205699,127.0229502
"368","680","10600",37.5222892,127.0236238
"369","680","10200",37.5221987,127.0260578
"370","680","11800",37.4975972,127.0542519
"371","680","10100",37.4824817,127.1048364
"372","680","10600",37.5207912,127.0400756
"373","680","10600",37.5205878,127.0400163
"374","680","10600",37.4659902,127.0430706
"375","680","10600",37.5307215,127.0304062
"376","680","10800",37.5012601,127.0671898
"377","680","10700",37.5248271,127.0386103
"378","680","10600",37.5244821,127.1167973
"379","680","10200",37.4924078,127.0837754
"380","680","11800",37.4844226,127.0932367
"381","680","10500",37.4888925,127.0743719
"382","680","11400",37.5114786,127.0956661
"383","680","10500",37.4676067,127.0412518
"384","680","10200",37.4656664,127.0425648
"385","680","10500",37.4908059,127.0969989
"386","680","10400",37.5235669,127.0372005
"387","680","10500",37.5255057,127.0416252
"388","680","10100",37.5128972,127.043036
"389","680","11000",37.5087587,127.0565741
"390","680","10100",37.5006372,127.0511066
"391","680","10100",37.5279035,127.051592
"392","680","11800",37.5283816,127.0493806
"393","680","10100",37.5004026,127.0438178
"394","680","10100",37.502,127.0454868
"395","680","10100",37.4955849,127.066815
"396","680","10100",37.4951351,127.0658555
"397","680","10800",37.5080647,127.0549414
"398","680","10800",37.5214429,127.0386966
"399","680","10400",37.5188072,127.0348513
"400","680","10600",37.4995046,127.1022931
"401","680","10400",37.498426,127.0966524
"402","680","11800",37.4836722,127.0865391
"403","680","10700",37.5173016,127.0387219
"404","680","10600",37.5209816,127.0397523
"405","680","10800",37.5178038,127.0437232
"406","680","10500",37.4936107,127.0868564
"407","680","10500",37.4945243,127.0822434
"408","680","10600",37.4916455,127.0878571
"409","680","10100",37.4656099,127.0434529
"410","680","10100",37.5039031,127.0494048
"411","680","10800",37.5035026,127.0514342
"412","680","10300",37.5192856,127.0403924
"413","680","10300",37.5226376,127.0256521
"414","680","10500",37.4734557,127.0491859
"415","680","10100",37.5114383,127.0228219
"416","680","10100",37.4928295,127.0137146
"417","680","10100",37.4940327,127.0142228
"418","680","10100",37.4945494,127.0142554
"419","680","10800",37.494386,127.0136972
"420","680","10800",37.4942935,127.0134235
"421","680","10800",37.4976273,127.0239049
"422","680","10800",37.4938911,127.0335088
"423","680","10800",37.4941451,127.0336452
"424","680","10100",37.518465,127.0232822
"425","680","10100",37.5189681,127.0232044
"426","680","10100",37.5195181,127.0231858
"427","680","10100",37.5197101,127.0230898
"428","680","11000",37.5084208,127.057471
"429","680","10300",37.5091256,127.079583
"430","680","10200",37.5216337,127.0235206
"431","680","10500",37.5183025,127.0427358
"432","680","10400",37.5025379,127.0566693
"433","680","10100",37.5052842,127.0413211
"434","680","11800",37.4916744,127.0823051
"435","680","10700",37.5256107,127.040688
"436","680","10100",37.4952155,127.0667018
"437","680","10500",37.5013514,127.0597495
"438","680","10400",37.5140008,127.0332807
"439","680","10600",37.5190502,127.0501102
"440","680","11400",37.5064604,127.0986311
"441","680","11400",37.4872878,127.0707075
"442","680","10800",37.5212902,127.0267871
"443","680","10800",37.5208819,127.0271031
"444","680","10400",37.5208102,127.02724
"445","680","10800",37.5215994,127.0340551
"446","680","10500",37.5223802,127.0274516
"447","680","10500",37.521387,127.0341625
"448","680","10500",37.5207047,127.0339782
"449","680","10500",37.5208272,127.0343847
"450","680","10500",37.5202722,127.0346152
"451","680","10800",37.4877264,127.0731129
"452","680","10800",37.4862203,127.0750872
"453","680","10800",37.4859171,127.0756407
"454","680","10400",37.5248698,127.0526757
"455","680","11400",37.5257354,127.0401261
"456","680","11400",37.5257948,127.0398363
"457","680","11400",37.50247,127.1039955
"458","680","10600",37.5145247,127.1030899
"459","680","10600",37.5159072,127.1036911
"460","680","10400",37.4876425,127.103865
"461","680","10100",37.4989657,127.0611432
"462","680","10600",37.5192687,127.0483071
"463","680","10100",37.5029991,127.0498841
"464","680","10600",37.5029985,127.0498851
"465","680","10100",37.503063,127.0503695
"466","680","11500",37.5201069,127.1139985
"467","680","10500",37.4895057,127.1093137
"468","680","10600",37.4758269,127.0582609
"469","680","10600",37.5235004,127.0416003
"470","680","10800",37.4851228,127.0582732
"471","680","10800",37.5197876,127.0549432
"472","680","10700",37.5193914,127.0451322
"473","680","10200",37.5030039,127.0580886
"474","680","10100",37.4769941,127.0555385
"475","680","11000",37.5079445,127.0577055
"476","680","11000",37.5083328,127.0556512
"477","680","11000",37.5084834,127.0559601
"478","680","10600",37.5132935,127.0531834
"479","680","10500",37.5263674,127.0461456
"480","680","10500",37.503317,127.051138
"481","680","10500",37.5032018,127.0507529
"482","680","10500",37.5069061,127.0521101
"483","680","10700",37.5069244,127.0523093
"484","680","10100",37.5291197,127.0354057
"485","680","10600",37.5266457,127.0287033
"486","680","10100",37.5004352,127.0266937
"487","680","10600",37.5157132,127.0417197
"488","680","10600",37.5150804,127.0419392
"489","680","10300",37.5143424,127.0424614
"490","680","10600",37.4859456,127.0519759
"491","680","10300",37.4864189,127.0526898
"492","680","10100",37.4873068,127.0520655
"493","680","10100",37.4876658,127.0517985
"494","680","10100",37.4848917,127.0504035
"495","680","11000",37.5268415,127.113043
"496","680","11400",37.5260445,127.0387406
"497","680","10800",37.5214082,127.0387938
"498","680","10800",37.5214687,127.0388293
"499","680","10800",37.521792,127.0395803
"500","680","10800",37.50781,127.0542928
"501","680","10200",37.4654364,127.0428378
"502","680","10200",37.4645246,127.0418786
"503","680","10500",37.463899,127.0409854
"504","680","10500",37.4735731,127.048877
"505","680","10400",37.5214792,127.0336588
"506","680","10500",37.5212535,127.0337203
"507","680","10400",37.5089192,127.1038545
"508","680","10400",37.5089399,127.1042191
"509","680","10800",37.5106427,127.0578467
"510","680","10800",37.5251809,127.0481817
"511","680","10800",37.5250634,127.0527733
"512","680","10800",37.5014912,127.0533981
"513","680","10400",37.5024147,127.0565498
"514","680","11800",37.4835362,127.0866741
"515","680","11800",37.5035423,127.0798457
"516","680","11200",37.5113403,127.0735864
"517","680","10700",37.5175212,127.0394518
"518","680","10800",37.4873834,127.0621212
"519","680","10800",37.5132758,127.0553391
"520","680","11000",37.5234337,127.0225161
"521","680","10100",37.5193199,127.0230771
"522","680","10500",37.5057147,127.0528453
"523","680","10600",37.5140732,127.0424527
"524","680","10800",37.4951175,127.0368469
"525","680","10100",37.4655344,127.0432582
"526","680","11400",37.4997769,127.0588022
"527","680","11000",37.507572,127.0377591
"528","680","10100",37.5176601,127.0401121
"529","680","10100",37.4762053,127.1059712
"530","680","10600",37.4834669,127.0635311
"531","680","10800",37.4874052,127.0619408
"532","680","10600",37.5232452,127.0233215
"533","680","10800",37.5084858,127.025537
"534","680","10400",37.5021346,127.0560008
"535","680","10400",37.5027012,127.0571655
"536","680","10500",37.4952985,127.0452051
"537","680","10800",37.5227207,127.0382836
"538","680","10500",37.5180764,127.041819
"539","680","10800",37.5253962,127.0499373
"540","680","11500",37.524811,127.0396482
"541","680","10600",37.5243713,127.033327
"542","680","10600",37.5255525,127.0334965
"543","680","10400",37.4859443,127.0457526
"544","680","10400",37.4854619,127.0461056
"545","680","10600",37.5219392,127.0411276
"546","680","10800",37.5215103,127.0387531
"547","680","11300",37.5098214,127.0584611
"548","680","10100",37.4658716,127.0431598
"549","680","10100",37.4652885,127.0429766
"550","680","10200",37.4994895,127.0538403
"551","680","10200",37.4981934,127.0541401
"552","680","10200",37.498116,127.0540549
"553","680","10200",37.498082,127.0536015
"554","680","11400",37.5246986,127.0528748
"555","680","11400",37.524397,127.0504325
"556","680","11400",37.5243041,127.0497218
"557","680","11400",37.5223936,127.0481751
"558","680","10600",37.5278458,127.0315467
"559","680","10600",37.5281602,127.0303019
"560","680","10600",37.5288945,127.0298941
"561","680","10100",37.511229,127.0645806
"562","680","10100",37.5095522,127.0218212
"563","680","10100",37.4945792,127.0141684
"564","680","10800",37.4845988,127.0582383
"565","680","10800",37.4834985,127.0595925
"566","680","10800",37.4834905,127.0797318
"567","680","10800",37.5134565,127.0548765
"568","680","10800",37.5128394,127.0534484
"569","680","10800",37.5048801,127.0508938
"570","680","10100",37.5052388,127.0519914
"571","680","10800",37.5036051,127.0515011
"572","680","10800",37.5203629,127.0399784
"573","680","11200",37.5183373,127.0407345
"574","680","10300",37.5188085,127.0405649
"575","680","10300",37.5192202,127.0405266
"576","680","10300",37.5198361,127.0401908
"577","680","10300",37.5224508,127.0336857
"578","680","10800",37.501969,127.0549071
"579","680","11500",37.5246819,127.0394299
"580","680","11500",37.5248215,127.0387679
"581","680","10700",37.5249099,127.0387294
"582","680","10600",37.4835406,127.0444142
"583","680","10500",37.4908484,127.0808589
"584","680","10600",37.5269714,127.0379438
"585","680","10600",37.5175768,127.1055002
"586","680","10400",37.5145518,127.0619782
"587","680","10400",37.4912116,127.087938
"588","680","10400",37.5023894,127.0567336
"589","680","10500",37.5249634,127.0467955
"590","680","10400",37.4852538,127.0460832
"591","680","11800",37.484761,127.0465183
"592","680","10500",37.5234903,127.0400513
"593","680","11500",37.4984377,127.1050171
"594","680","11500",37.5001419,127.1043222
"595","680","11500",37.5000604,127.1042529
"596","680","10600",37.5293801,127.0296986
"597","680","10800",37.5143554,127.0344953
"598","680","11400",37.5191189,127.0510623
"599","680","11400",37.5099781,127.0433559
"600","680","10500",37.5218216,127.0339865
"601","680","10800",37.473846,127.0489387
"602","680","10800",37.4855885,127.0752995
"603","680","10600",37.5131785,127.0352255
"604","680","10600",37.5241831,127.0412497
"605","680","10400",37.5015617,127.0539299
"606","680","10700",37.5014235,127.0538142
"607","680","10800",37.5016302,127.0538349
"608","680","10700",37.5169416,127.0377565
"609","680","10800",37.5174792,127.0511088
"610","680","10500",37.4884758,127.0643353
"611","680","10800",37.5078231,127.0541844
"612","680","10400",37.5206004,127.0569313
"613","680","10400",37.5207258,127.0563451
"614","680","10800",37.5184053,127.0470697
"615","680","10700",37.5214231,127.0362687
"616","680","10700",37.5199199,127.0354189
"617","680","10700",37.5196865,127.0348717
"618","680","10700",37.5184061,127.0352274
"619","680","10400",37.5182448,127.0355013
"620","680","10400",37.5178313,127.0355835
"621","680","10600",37.5238989,127.0448106
"622","680","11400",37.4951583,127.1231825
"623","680","10100",37.4833032,127.0527722
"624","680","10100",37.48516,127.0506677
"625","680","10100",37.4886364,127.0281995
"626","680","10600",37.5261946,127.0277288
"627","680","10600",37.5256067,127.0276617
"628","680","10600",37.5238879,127.0232643
"629","680","10800",37.5013221,127.0431996
"630","680","10800",37.5013244,127.0432001
"631","680","10100",37.5015914,127.0443133
"632","680","10100",37.5004215,127.043578
"633","680","10500",37.5088164,127.0269774
"634","680","11800",37.5011606,127.0428195
"635","680","10500",37.4886095,127.0644954
"636","680","10500",37.4915396,127.0680931
"637","680","10500",37.4917308,127.0683382
"638","680","10800",37.4767573,127.1058567
"639","680","11400",37.4894824,127.0751537
"640","680","10600",37.4772894,127.0487338
"641","680","10500",37.501322,127.059455
"642","680","10400",37.5225201,127.0482719
"643","680","10400",37.5153434,127.0351305
"644","680","10400",37.5152778,127.0344341
"645","680","10400",37.5149732,127.0344263
"646","680","11400",37.4981052,127.058918
"647","680","10600",37.4978789,127.0581647
"648","680","10600",37.4995548,127.0625216
"649","680","10600",37.4993114,127.0626464
"650","680","10600",37.5200156,127.0497584
"651","680","10600",37.5188691,127.0504976
"652","680","10600",37.5188629,127.0512085
"653","680","11400",37.4956867,127.046034
"654","680","11800",37.524783,127.0379279
"655","680","10600",37.5197562,127.0283164
"656","680","10100",37.4910409,127.0870386
"657","680","10500",37.5128296,127.0931628
"658","680","10300",37.5014918,127.08463
"659","680","10100",37.4947252,127.0669226
"660","680","11000",37.5236671,127.0217336
"661","680","11000",37.5182453,127.0267282
"662","680","10700",37.5182329,127.0268377
"663","680","10100",37.5196253,127.0279569
"664","680","10100",37.5183491,127.0233019
"665","680","11100",37.5092349,127.0586313
"666","680","11200",37.5217033,127.0397471
"667","680","10600",37.507787,127.0396302
"668","680","10500",37.5059089,127.0528636
"669","680","10300",37.5263916,127.02048
"670","680","10700",37.5088259,127.0383892
"671","680","10100",37.5157753,127.0300668
"672","680","10500",37.5156192,127.0698178
"673","680","10100",37.4768864,127.0554741
"674","680","10200",37.4982428,127.0540499
"675","680","10600",37.5282164,127.030116
"676","680","10800",37.5310141,127.031665
"677","680","10600",37.5261067,127.02767
"678","680","10800",37.5170587,127.0352099
"679","680","10800",37.5171388,127.0356058
"680","680","10800",37.516569,127.0355983
"681","680","10400",37.4864873,127.1033009
"682","680","10400",37.4864605,127.1044582
"683","680","10600",37.4871656,127.1041348
"684","680","10200",37.5020903,127.055302
"685","680","10700",37.516794,127.0373761
"686","680","10800",37.5130308,127.0530792
"687","680","10800",37.4804921,127.0526149
"688","680","10100",37.4983398,127.0761416
"689","680","10100",37.4777687,127.0567501
"690","680","10600",37.5200248,127.0566741
"691","680","10400",37.5181025,127.052918
"692","680","10800",37.5202809,127.0567821
"693","680","10400",37.5179276,127.0451734
"694","680","10700",37.5183757,127.0434998
"695","680","10700",37.5193425,127.0450696
"696","680","10700",37.5222304,127.0557101
"697","680","10600",37.5240702,127.0446311
"698","680","10400",37.514091,127.0333222
"699","680","11400",37.510189,127.0947171
"700","680","11400",37.5026902,127.0970101
"701","680","10600",37.5247374,127.1148671
"702","680","10600",37.5247376,127.1156775
"703","680","10600",37.5251938,127.1171688
"704","680","10600",37.525869,127.1178287
"705","680","10300",37.4777976,127.037808
"706","680","10500",37.4995262,127.0807975
"707","680","10400",37.4976597,127.0966166
"708","680","10200",37.4884242,127.0718366
"709","680","10100",37.4983581,127.0613825
"710","680","10100",37.499078,127.0608222
"711","680","10100",37.519227,127.0524636
"712","680","11400",37.4997782,127.0591154
"713","680","11400",37.4996735,127.0587965
"714","680","11400",37.4995713,127.0581607
"715","680","11400",37.4995579,127.0582517
"716","680","11400",37.4994557,127.0582255
"717","680","11400",37.4989687,127.0585465
"718","680","11400",37.4989081,127.0585021
"719","680","10500",37.5215706,127.0489167
"720","680","10700",37.5211962,127.0376692
"721","680","10700",37.5210403,127.0375752
"722","680","10700",37.5212379,127.0375884
"723","680","10500",37.5214036,127.0363626
"724","680","10400",37.5142843,127.0606823
"725","680","10400",37.5146432,127.0617771
"726","680","10500",37.5143808,127.0618428
"727","680","10600",37.5147564,127.062462
"728","680","10400",37.4876101,127.0731216
"729","680","10400",37.4915455,127.0879988
"730","680","10500",37.5236395,127.0372791
"731","680","10600",37.5247026,127.0378405
"732","680","10600",37.5247748,127.0377761
"733","680","10600",37.5202874,127.0305573
"734","680","10500",37.4939499,127.0468332
"735","680","10500",37.5119284,127.0947491
"736","680","10100",37.5102848,127.0933541
"737","680","11400",37.5073807,127.1016097
"738","680","11400",37.506921,127.1005151
"739","680","10400",37.5049751,127.0416595
"740","680","10500",37.5071582,127.0835031
"741","680","10700",37.4939485,127.1101251
"742","680","10700",37.4956062,127.0855786
"743","680","11500",37.490587,127.11157
"744","680","11500",37.5187616,127.1132657
"745","680","11400",37.4894437,127.1121085
"746","680","11800",37.5179225,127.0287493
"747","680","11800",37.4911304,127.081014
"748","680","11800",37.4909159,127.0825369
"749","680","11800",37.4912846,127.0824006
"750","680","11000",37.4893807,127.081697
"751","680","10400",37.489206,127.0816175
"752","680","10400",37.4896153,127.0823183
"753","680","10400",37.4936608,127.0449679
"754","680","10400",37.4935642,127.0452144
"755","680","10500",37.4931959,127.0438577
"756","680","10500",37.49356,127.0467543
"757","680","10600",37.4940803,127.0463318
"758","680","10600",37.5140226,127.1229219
"759","680","10600",37.5135525,127.1229677
"760","680","10300",37.5012923,127.0845869
"761","680","10400",37.522125,127.0357246
"762","680","10700",37.5052692,127.0506881
"763","680","10800",37.5061557,127.050244
"764","680","10800",37.4741595,127.0495124
"765","680","10700",37.474481,127.0498046
"766","680","10700",37.4750699,127.0511269
"767","680","10500",37.4770135,127.0483862
"768","680","10200",37.498473,127.0549118
"769","680","10200",37.5180262,127.0464751
"770","680","10200",37.5020381,127.0553984
"771","680","10200",37.5018985,127.0552575
"772","680","10800",37.5168532,127.0373113
"773","680","10400",37.5177078,127.0517228
"774","680","10100",37.4877867,127.1183381
"775","680","10700",37.4975634,127.0543514
"776","680","10100",37.5014542,127.0685108
"777","680","10100",37.5050689,127.0365692
"778","680","10100",37.511249,127.0644082
"779","680","10100",37.4977848,127.0448534
"780","680","11400",37.4905686,127.0773762
"781","680","11400",37.4905041,127.0771008
"782","680","11400",37.4927342,127.0761525
"783","680","11400",37.4924977,127.0759928
"784","680","10800",37.5164563,127.0352095
"785","680","10200",37.4901298,127.0708686
"786","680","10800",37.5180368,127.0450552
"787","680","10700",37.5211214,127.0375018
"788","680","10400",37.5151941,127.0614874
"789","680","10600",37.4695216,127.1235376
"790","680","10700",37.5096701,127.066532
"791","680","10100",37.5305662,127.028981
"792","680","11500",37.5172488,127.0414947
"793","680","11500",37.4864668,127.0685111
"794","680","11500",37.4865416,127.0687428
"795","680","11400",37.4866779,127.0689668
"796","680","11400",37.4868817,127.069824
"797","680","11400",37.4871387,127.070627
"798","680","11400",37.5079711,127.0455675
"799","680","10600",37.5078275,127.0455792
"800","680","11400",37.4967165,127.0453538
"801","680","11800",37.4913712,127.082444
"802","680","10600",37.5151286,127.118591
"803","680","10600",37.5106996,127.0457005
"804","680","10800",37.524415,127.0472417
"805","680","10700",37.5167296,127.0362763
"806","680","10400",37.5140249,127.0334281
"807","680","10800",37.4920352,127.0267177
"808","680","10600",37.4966473,127.0455782
"809","680","10600",37.5211008,127.04885
"810","680","10800",37.4995593,127.0440227
"811","680","11400",37.4896734,127.07533
"812","680","10500",37.5034653,127.0600561
"813","680","10300",37.5036328,127.0600443
"814","680","10300",37.5039002,127.0611255
"815","680","10300",37.5042111,127.0621005
"816","680","10300",37.5043408,127.0621992
"817","680","10600",37.5084508,127.0974316
"818","680","11400",37.51056,127.0960235
"819","680","11400",37.5111851,127.0957784
"820","680","11400",37.5188282,127.0500405
"821","680","10600",37.5001419,127.060082
"822","680","11200",37.5107297,127.0737266
"823","680","10100",37.5172058,127.0386797
"824","680","10100",37.5259313,127.0333526
"825","680","10600",37.5206991,127.0318452
"826","680","10400",37.4832732,127.044018
"827","680","10500",37.5024063,127.0952442
"828","680","10400",37.5025565,127.0951291
"829","680","10500",37.4940816,127.0811725
"830","680","10500",37.4944074,127.0825875
"831","680","10500",37.4955174,127.0459142
"832","680","10500",37.495208,127.0451007
"833","680","10500",37.4948915,127.0462107
"834","680","10500",37.5080977,127.087908
"835","680","10500",37.5157802,127.1184516
"836","680","10600",37.5109347,127.0460782
"837","680","10600",37.5077349,127.0391631
"838","680","10600",37.5072543,127.0398828
"839","680","10400",37.5069972,127.0403715
"840","680","10100",37.5060852,127.0407473
"841","680","10100",37.5051938,127.0417625
"842","680","10800",37.521746,127.0264105
"843","680","10700",37.5247498,127.0386785
"844","680","10100",37.5320885,127.0298437
"845","680","11500",37.532372,127.0296192
"846","680","11500",37.5324128,127.0297127
"847","680","10800",37.465066,127.1096886
"848","680","10800",37.4644885,127.1082419
"849","680","10800",37.4647565,127.1085797
"850","680","10200",37.5025082,127.0588107
"851","680","10200",37.5020517,127.0590443
"852","680","10500",37.5014593,127.0595339
"853","680","10600",37.5230894,127.0334513
"854","680","10600",37.52316,127.033231
"855","680","10600",37.5234746,127.0329595
"856","680","10600",37.5239531,127.0329248
"857","680","10100",37.5162844,127.0847383
"858","680","10100",37.5171658,127.0410721
"859","680","11500",37.5171733,127.0410683
"860","680","11500",37.5169975,127.0413644
"861","680","10100",37.4935548,127.0543497
"862","680","10700",37.470742,127.0432589
"863","680","10700",37.4709448,127.0432726
"864","680","10700",37.471797,127.0452093
"865","680","10600",37.5308438,127.0309137
"866","680","10800",37.5309877,127.0317958
"867","680","10800",37.5011035,127.0678287
"868","680","10800",37.5003712,127.0675336
"869","680","10800",37.5022372,127.0664594
"870","680","10800",37.5116237,127.0454418
"871","680","11500",37.4864516,127.0686526
"872","680","11400",37.4870322,127.071197
"873","680","11800",37.5112261,127.0475088
"874","680","10400",37.5068878,127.0399752
"875","680","10600",37.4774414,127.0486497
"876","680","10600",37.5024511,127.0987833
"877","680","10600",37.4841554,127.0450543
"878","680","10600",37.5209247,127.0319516
"879","680","11400",37.51861,127.0503592
"880","680","10600",37.5229511,127.0330783
"881","680","10600",37.5243825,127.0329449
"882","680","10100",37.4839684,127.047176
"883","680","10600",37.5027233,127.0987808
"884","680","10400",37.4999917,127.0967735
"885","680","11500",37.5156317,127.0386613
"886","680","10500",37.5054625,127.0649187
"887","680","10600",37.5048016,127.0652549
"888","680","10500",37.4946703,127.082699
"889","680","10500",37.5276464,127.0381233
"890","680","10600",37.5276094,127.0380095
"891","680","10600",37.5269536,127.0402459
"892","680","10600",37.5253294,127.0416166
"893","680","10700",37.4944433,127.0400903
"894","680","10800",37.4705808,127.0256036
"895","680","10100",37.4944623,127.0141553
"896","680","10600",37.4989627,127.1005706
"897","680","10600",37.4984339,127.0988909
"898","680","10400",37.5024899,127.0972052
"899","680","10500",37.4690754,127.1237046
"900","680","10100",37.4918974,127.1164041
"901","680","10100",37.492134,127.1165368
"902","680","11800",37.4936093,127.0793872
"903","680","10800",37.5260646,127.0419261
"904","680","10600",37.5229485,127.0284399
"905","680","10600",37.4853875,127.0560502
"906","680","11000",37.5084326,127.0332168
"907","680","10600",37.5094808,127.0645415
"908","680","10100",37.5091417,127.0646913
"909","680","10100",37.5109845,127.0638019
"910","680","10100",37.4711055,127.0262204
"911","680","10100",37.5229962,127.0163635
"912","680","10100",37.4944119,127.0155614
"913","680","10800",37.4949847,127.0160106
"914","680","10800",37.4949921,127.0166001
"915","680","10800",37.495262,127.0173077
"916","680","10100",37.4984553,127.023369
"917","680","10800",37.5080181,127.0401212
"918","680","10800",37.5262136,127.0262315
"919","680","10100",37.4852933,127.0382037
"920","680","10500",37.4957945,127.0390697
"921","680","10500",37.4959458,127.0394593
"922","680","10300",37.4860336,127.0672994
"923","680","10300",37.5091759,127.0328661
"924","680","10300",37.5099642,127.0325004
"925","680","10300",37.4805129,127.0632177
"926","680","10300",37.4803506,127.0634143
"927","680","10700",37.4936288,127.0403229
"928","680","10300",37.4915686,127.0377616
"929","680","10100",37.5168818,127.0907226
"930","680","10100",37.4965016,127.0404
"931","680","10500",37.5124475,127.0511664
"932","680","10300",37.4824626,127.0622332
"933","680","10100",37.4964107,127.0696436
"934","680","11000",37.5167623,127.0293123
"935","680","10100",37.5157347,127.0696452
"936","680","10100",37.4960176,127.0392051
"937","680","10100",37.4967523,127.0390086
"938","680","10800",37.4853871,127.0896203
"939","680","10500",37.4862326,127.0677905
"940","680","10400",37.4862754,127.0674772
"941","680","10600",37.5238983,127.0231871
"942","680","10600",37.4836881,127.0421471
"943","680","10600",37.5048808,127.0350412
"944","680","10600",37.5047106,127.0349694
"945","680","10600",37.503508,127.035834
"946","680","10600",37.5060346,127.0345009
"947","680","10700",37.527325,127.0216951
"948","680","10700",37.5228375,127.0194314
"949","680","10700",37.4982025,127.0688498
"950","680","10100",37.4883568,127.0319401
"951","680","10700",37.4889576,127.0316602
"952","680","10700",37.4890837,127.0321097
"953","680","10700",37.4901252,127.0316223
"954","680","10700",37.4920691,127.0323824
"955","680","10700",37.4955664,127.013118
"956","680","10700",37.4989278,127.0250707
"957","680","11400",37.4911776,127.0647206
"958","680","10100",37.4715993,127.0271322
"959","680","10700",37.4701513,127.0252934
"960","680","11000",37.5061929,127.0594343
"961","680","11000",37.480929,127.0539193
"962","680","10600",37.493651,127.0421938
"963","680","10600",37.4936282,127.0420259
"964","680","10500",37.5157723,127.091119
"965","680","10800",37.4936847,127.0412622
"966","680","10100",37.4938108,127.0411754
"967","680","10100",37.4966864,127.069824
"968","680","10100",37.4966012,127.0695207
"969","680","11000",37.5068669,127.0613784
"970","680","11000",37.5069988,127.0620964
"971","680","11400",37.4915145,127.0649807
"972","680","11000",37.4908723,127.0661079
"973","680","10800",37.4893324,127.0843856
"974","680","10700",37.4945027,127.0399113
"975","680","11500",37.4917053,127.0365331
"976","680","10100",37.4862779,127.0411298
"977","680","10100",37.4849431,127.0379265
"978","680","10100",37.485044,127.0387401
"979","680","10500",37.4852959,127.0405391
"980","680","10500",37.4851048,127.0416605
"981","680","10800",37.5239917,127.0224013
"982","680","10700",37.4984866,127.069169
"983","680","10700",37.5086332,127.0382577
"984","680","10100",37.5156975,127.0298148
"985","680","10100",37.5170626,127.0294691
"986","680","10600",37.4837947,127.042244
"987","680","10700",37.5242898,127.0203956
"988","680","10100",37.516428,127.0297629
"989","680","10100",37.5132854,127.0702227
"990","680","10800",37.4891385,127.0298986
"991","680","10800",37.48789,127.0483199
"992","680","10800",37.5235486,127.0209735
"993","680","10800",37.5235113,127.021177
"994","680","10400",37.4904366,127.0634884
"995","680","11000",37.485056,127.0657775
"996","680","11000",37.5064256,127.0600973
"997","680","11000",37.480974,127.0535849
"998","680","10600",37.4929506,127.0426329
"999","680","10400",37.5041245,127.0418772
"1000","680","11000",37.5068046,127.0500605
"1001","680","11100",37.5099605,127.0423262
"1002","680","10800",37.495734,127.0393359
"1003","680","11200",37.4971611,127.0385199
"1004","680","10300",37.5108712,127.0322346
"1005","680","10700",37.4942689,127.0333273
"1006","680","11800",37.4955907,127.0381541
"1007","680","10600",37.484383,127.0416789
"1008","680","11500",37.5071707,127.0625978
"1009","680","10600",37.5072784,127.0626442
"1010","680","10300",37.5072225,127.0627913
"1011","680","10300",37.5045063,127.0578957
"1012","680","10500",37.4912582,127.0367599
"1013","680","10600",37.4880474,127.1184197
"1014","680","10600",37.5049959,127.0654125
"1015","680","10600",37.5038363,127.0656012
"1016","680","10500",37.5232887,127.0414147
"1017","680","10600",37.523656,127.0413498
"1018","680","10600",37.5036507,127.1033482
"1019","680","10700",37.525512,127.0407419
"1020","680","10400",37.5342363,127.117299
"1021","680","10500",37.4837132,127.0419806
"1022","680","10600",37.5153304,127.0428384
"1023","680","10600",37.5151688,127.0421754
"1024","680","10600",37.4935528,127.042122
"1025","680","10100",37.4937343,127.0411374
"1026","680","10100",37.5070447,127.0620091
"1027","680","10500",37.5038169,127.0584292
"1028","680","10500",37.4851383,127.0394058
"1029","680","10700",37.5247241,127.0372067
"1030","680","10700",37.5275236,127.036833
"1031","680","10300",37.5116504,127.0235024
"1032","680","10300",37.5118255,127.0240677
"1033","680","10300",37.512035,127.0239972
"1034","680","10200",37.5122133,127.024556
"1035","680","11000",37.488414,127.028294
"1036","680","10300",37.4885619,127.0283932
"1037","680","11800",37.489079,127.030086
"1038","680","10600",37.5296629,127.0322545
"1039","680","10600",37.4920288,127.0325241
"1040","680","11200",37.4868872,127.1019845
"1041","680","10800",37.4868652,127.0718452
"1042","680","11000",37.4843082,127.0684974
"1043","680","11000",37.5066733,127.0501975
"1044","680","11000",37.5062887,127.0502042
"1045","680","11000",37.5124056,127.0704954
"1046","680","11000",37.5087556,127.0381138
"1047","680","10400",37.5242078,127.047118
"1048","680","10800",37.5023732,127.0670202
"1049","680","11800",37.4982908,127.0690977
"1050","680","10800",37.5089543,127.0269707
"1051","680","10500",37.5079555,127.0270656
"1052","680","10500",37.5078146,127.0270517
"1053","680","10800",37.5155059,127.0356509
"1054","680","10800",37.4811565,127.0835798
"1055","680","10500",37.4814046,127.0844803
"1056","680","10500",37.4815472,127.0842344
"1057","680","10500",37.481576,127.0856449
"1058","680","10500",37.5163562,127.0515564
"1059","680","10500",37.5164366,127.0516738
"1060","680","10500",37.5002626,127.0647439
"1061","680","10300",37.5004829,127.0506779
"1062","680","11000",37.4895268,127.068888
"1063","680","11800",37.4894152,127.0691108
"1064","680","11800",37.5121271,127.0924573
"1065","680","11800",37.5030255,127.0584446
"1066","680","10300",37.5029252,127.0587463
"1067","680","10300",37.5031755,127.0589014
"1068","680","10300",37.4952362,127.107698
"1069","680","10500",37.4906257,127.0643238
"1070","680","10500",37.4972242,127.0420472
"1071","680","10600",37.4930182,127.042396
"1072","680","11000",37.5056234,127.0605172
"1073","680","10100",37.50749,127.0580704
"1074","680","11800",37.5250609,127.0242266
"1075","680","11800",37.525211,127.0257641
"1076","680","11800",37.524622,127.02759
"1077","680","11800",37.507414,127.0341165
"1078","680","10300",37.514141,127.0423
"1079","680","10600",37.482568,127.0622895
"1080","680","11000",37.5069576,127.0619686
"1081","680","10600",37.5301621,127.0320591
"1082","680","10800",37.5249902,127.0471188
"1083","680","10500",37.5086729,127.0261341
"1084","680","10800",37.5152962,127.0302882
"1085","680","11800",37.5021123,127.0428245
"1086","680","11800",37.4894992,127.0313704
"1087","680","11800",37.4982908,127.0379597
"1088","680","11800",37.4979694,127.0382815
"1089","680","11800",37.4978976,127.0384688
"1090","680","10300",37.5263149,127.0206638
"1091","680","10700",37.475027,127.0525437
"1092","680","10600",37.5239892,127.0474844
"1093","680","10800",37.5198902,127.0555229
"1094","680","10700",37.5184106,127.0478533
"1095","680","10700",37.5214641,127.0364066
"1096","680","10700",37.5200698,127.0362557
"1097","680","10700",37.5182632,127.0350892
"1098","680","11400",37.499931,127.0490139
"1099","680","11400",37.4898824,127.0831365
"1100","680","11400",37.4903811,127.0848255
"1101","680","11400",37.4905334,127.0852606
"1102","680","10500",37.4914646,127.0849116
"1103","680","10700",37.4691989,127.0242467
"1104","680","10700",37.4949297,127.0153044
"1105","680","11000",37.494891,127.0154456
"1106","680","10600",37.5249648,127.0237931
"1107","680","10300",37.5118128,127.0232703
"1108","680","11800",37.5014629,127.0383231
"1109","680","11800",37.5239992,127.0246978
"1110","680","10500",37.5122467,127.0250801
"1111","680","10100",37.5096844,127.0257706
"1112","680","10600",37.4842563,127.057093
"1113","680","10700",37.4757212,127.1060929
"1114","680","10800",37.5019384,127.0432758
"1115","680","10100",37.4717234,127.0271394
"1116","680","10800",37.4951712,127.0173933
"1117","680","10800",37.482269,127.0554094
"1118","680","10800",37.5133245,127.0920035
"1119","680","10100",37.4855251,127.0411001
"1120","680","10500",37.4973366,127.0727158
"1121","680","10300",37.4884586,127.037512
"1122","680","10100",37.4849734,127.0381889
"1123","680","10400",37.4789007,127.0491161
"1124","680","10700",37.5274267,127.036445
"1125","680","10700",37.5199125,127.0280918
"1126","680","11800",37.5207438,127.0282984
"1127","680","11800",37.5214014,127.0283375
"1128","680","11800",37.5216707,127.0282037
"1129","680","11800",37.4834261,127.0838229
"1130","680","11800",37.4836855,127.0867492
"1131","680","10500",37.4938446,127.0451074
"1132","680","10500",37.4909008,127.0865702
"1133","680","10600",37.4940656,127.0457422
"1134","680","10300",37.5010064,127.085413
"1135","680","10300",37.5012582,127.085966
"1136","680","10600",37.5000833,127.0597492
"1137","680","10600",37.4999663,127.0597129
"1138","680","10100",37.5177417,127.0401529
"1139","680","10700",37.4766848,127.0494379
"1140","680","10700",37.4757055,127.0503715
"1141","680","10700",37.4753435,127.0508496
"1142","680","10100",37.5090834,127.0523992
"1143","680","10100",37.4964147,127.0703118
"1144","680","10100",37.5071379,127.0581508
"1145","680","10100",37.5073317,127.0588618
"1146","680","10100",37.5075389,127.0595207
"1147","680","10100",37.5057804,127.0581523
"1148","680","11800",37.5244788,127.0243375
"1149","680","11800",37.5243892,127.0244
"1150","680","10500",37.4963768,127.0405036
"1151","680","10100",37.5118952,127.0360044
"1152","680","10800",37.5240132,127.0221604
"1153","680","10600",37.4864172,127.0529607
"1154","680","11100",37.5097181,127.0424333
"1155","680","10600",37.524353,127.023101
"1156","680","10200",37.5137073,127.0427041
"1157","680","10500",37.5176708,127.0518224
"1158","680","10500",37.4827067,127.080008
"1159","680","10400",37.481682,127.0802311
"1160","680","10100",37.4830714,127.0524854
"1161","680","10600",37.5035451,127.035664
"1162","680","11800",37.4895998,127.0691919
"1163","680","10300",37.5260839,127.0265243
"1164","680","10700",37.5177141,127.0439515
"1165","680","10600",37.5224642,127.0358487
"1166","680","10600",37.522471,127.0374249
"1167","680","10600",37.5218383,127.0375634
"1168","680","10600",37.521774,127.0373923
"1169","680","10600",37.5242329,127.0475785
"1170","680","10800",37.4860052,127.0759667
"1171","680","10800",37.4865894,127.0758097
"1172","680","11500",37.5000275,127.064828
"1173","680","11500",37.5245669,127.048752
"1174","680","11500",37.5233082,127.0480025
"1175","680","10500",37.5084187,127.0253552
"1176","680","10400",37.514138,127.0596826
"1177","680","10700",37.5130185,127.0279851
"1178","680","10500",37.4933985,127.0867127
"1179","680","10500",37.4933461,127.0864107
"1180","680","10500",37.4943658,127.0863647
"1181","680","10200",37.4980459,127.0578931
"1182","680","10500",37.4922425,127.0844751
"1183","680","11400",37.4906886,127.077186
"1184","680","10500",37.5035154,127.0596699
"1185","680","10300",37.5040036,127.0611909
"1186","680","10500",37.4870781,127.1041126
"1187","680","10400",37.5227382,127.0483054
"1188","680","10500",37.5143121,127.0343546
"1189","680","10100",37.5123871,127.0251445
"1190","680","10600",37.5228538,127.0373756
"1191","680","10800",37.5142612,127.0344202
"1192","680","10400",37.4809353,127.0808927
"1193","680","10400",37.480858,127.080988
"1194","680","10600",37.4827083,127.078901
"1195","680","10800",37.4985533,127.0234593
"1196","680","11400",37.490138,127.0839908
"1197","680","10700",37.5092511,127.0331395
"1198","680","10400",37.4840949,127.0573752
"1199","680","10800",37.4835778,127.0569584
"1200","680","10800",37.4822659,127.0485375
"1201","680","10800",37.5162426,127.0514619
"1202","680","10800",37.5159132,127.0516292
"1203","680","10800",37.5151023,127.0523964
"1204","680","10800",37.5103705,127.0706745
"1205","680","10800",37.5108266,127.0706535
"1206","680","11500",37.5000815,127.0646025
"1207","680","11400",37.5153504,127.0535499
"1208","680","11000",37.480419,127.0527958
"1209","680","11000",37.5141286,127.0528955
"1210","680","11000",37.5138263,127.0527565
"1211","680","11000",37.5090766,127.0572281
"1212","680","10100",37.5104393,127.0365607
"1213","680","10700",37.4703373,127.0253915
"1214","680","11000",37.5068187,127.0615486
"1215","680","10500",37.5167048,127.0294873
"1216","680","10800",37.5273015,127.0432542
"1217","680","10800",37.5278035,127.0440692
"1218","680","11400",37.5269046,127.0437587
"1219","680","11400",37.5264262,127.0435328
"1220","680","10600",37.5145446,127.0599101
"1221","680","11400",37.4989331,127.0584231
"1222","680","10600",37.5197608,127.0488864
"1223","680","10500",37.5231111,127.0388751
"1224","680","10700",37.5273448,127.0363245
"1225","680","10400",37.5214899,127.048651
"1226","680","10100",37.5176939,127.0402249
"1227","680","10100",37.5012252,127.0526302
"1228","680","10600",37.530798,127.0301908
"1229","680","10600",37.5307573,127.03027
"1230","680","10600",37.53063,127.0303078
"1231","680","10600",37.5306708,127.0301864
"1232","680","10100",37.4934525,127.0402593
"1233","680","10700",37.4943733,127.0398189
"1234","680","10700",37.4951403,127.0394584
"1235","680","10500",37.5160684,127.0417191
"1236","680","10500",37.5158794,127.0419266
"1237","680","11100",37.4910362,127.0368311
"1238","680","11500",37.491598,127.0365805
"1239","680","10300",37.491185,127.0369161
"1240","680","10800",37.486194,127.0513089
"1241","680","10800",37.5260392,127.0261468
"1242","680","10800",37.4823,127.0610213
"1243","680","10200",37.4824362,127.0621076
"1244","680","11000",37.4849093,127.0655667
"1245","680","10800",37.5291506,127.0325301
"1246","680","10300",37.4812484,127.0536742
"1247","680","11800",37.5075115,127.0350206
"1248","680","10300",37.4884824,127.028121
"1249","680","10600",37.4866499,127.056782
"1250","680","10800",37.483408,127.0570595
"1251","680","11000",37.5060012,127.0587712
"1252","680","10600",37.5239279,127.0246649
"1253","680","10600",37.5232268,127.025316
"1254","680","10600",37.5247145,127.0250766
"1255","680","10500",37.5075148,127.0338135
"1256","680","10100",37.5100952,127.0252763
"1257","680","10100",37.5100112,127.0252822
"1258","680","11800",37.5096921,127.025909
"1259","680","11800",37.5010905,127.0385105
"1260","680","10600",37.5287727,127.0282852
"1261","680","10600",37.4875925,127.053247
"1262","680","10600",37.4870652,127.0537622
"1263","680","10600",37.513341,127.0356216
"1264","680","10800",37.5131049,127.035436
"1265","680","10500",37.5201183,127.0495471
"1266","680","10100",37.4943745,127.0466662
"1267","680","11400",37.4983628,127.0588199
"1268","680","10600",37.5199167,127.0494689
"1269","680","11400",37.4968714,127.0457171
"1270","680","10100",37.4982932,127.0610582
"1271","680","10600",37.5099551,127.0977565
"1272","680","10400",37.5180781,127.0504894
"1273","680","11800",37.4988235,127.0606704
"1274","680","11800",37.502704,127.0489305
"1275","680","10100",37.4841956,127.0468874
"1276","680","10600",37.5031016,127.0660386
"1277","680","11400",37.4990029,127.0584619
"1278","680","11400",37.4943075,127.0470673
"1279","680","10400",37.5170288,127.0903961
"1280","680","10800",37.5004333,127.0660591
"1281","680","10700",37.4793809,127.0509827
"1282","680","10100",37.4937508,127.0412959
"1283","680","10800",37.4996345,127.0635971
"1284","680","10300",37.5299549,127.0294771
"1285","680","10600",37.4854807,127.056044
"1286","680","10800",37.4850779,127.0564091
"1287","680","10100",37.523776,127.0285075
"1288","680","10800",37.5079405,127.0401314
"1289","680","11100",37.5092337,127.0402851
"1290","680","11100",37.5121609,127.0317836
"1291","680","11100",37.512081,127.0314931
"1292","680","11100",37.5114495,127.0317606
"1293","680","10500",37.4807098,127.0529497
"1294","680","10500",37.4812556,127.0540349
"1295","680","11800",37.5248688,127.0241215
"1296","680","11800",37.5122909,127.0255994
"1297","680","11000",37.5016609,127.0390545
"1298","680","11400",37.5007126,127.0508043
"1299","680","10400",37.4816616,127.0800493
"1300","680","10600",37.5168705,127.0591574
"1301","680","10600",37.5157312,127.0597764
"1302","680","10800",37.4821818,127.0484925
"1303","680","10300",37.513871,127.0581973
"1304","680","10300",37.5137011,127.0580357
"1305","680","10300",37.5137653,127.0583971
"1306","680","10400",37.51372,127.0564295
"1307","680","10700",37.4932329,127.0298757
"1308","680","10700",37.4946145,127.0289468
"1309","680","11000",37.4956495,127.0326672
"1310","680","11000",37.4957421,127.0327275
"1311","680","10100",37.5237925,127.0281536
"1312","680","10600",37.5149525,127.0601986
"1313","680","10700",37.4699154,127.0256292
"1314","680","10100",37.4969166,127.0150546
"1315","680","10700",37.4958644,127.0155662
"1316","680","10700",37.4914916,127.0304541
"1317","680","10300",37.5037473,127.058152
"1318","680","10600",37.482131,127.0553453
"1319","680","10100",37.4789439,127.0561119
"1320","680","10100",37.4786558,127.0559555
"1321","680","10300",37.5271476,127.0438323
"1322","680","10400",37.492029,127.0689049
"1323","680","10700",37.4973376,127.0157104
"1324","680","11000",37.4990066,127.0253213
"1325","680","10100",37.4820311,127.0615434
"1326","680","10800",37.4861351,127.038022
"1327","680","10800",37.4860738,127.0381082
"1328","680","10100",37.4858489,127.0413292
"1329","680","10100",37.4856183,127.0417164
"1330","680","10100",37.4963193,127.0699996
"1331","680","10800",37.498706,127.0446344
"1332","680","10300",37.4825643,127.0799376
"1333","680","10700",37.4984946,127.0236068
"1334","680","10700",37.4983346,127.023571
"1335","680","11000",37.4988971,127.0252352
"1336","680","10300",37.5140379,127.0583721
"1337","680","10400",37.4789707,127.0490157
"1338","680","11000",37.5149891,127.0522821
"1339","680","10800",37.4987957,127.0515594
"1340","680","10600",37.5261958,127.044305
"1341","680","10300",37.4953134,127.1065764
"1342","680","10500",37.4925013,127.0843447
"1343","680","10700",37.4993165,127.0260678
"1344","680","10500",37.4723558,127.0320287
"1345","680","10800",37.5215219,127.0309979
"1346","680","11000",37.4894532,127.0584217
"1347","680","11000",37.5098395,127.0663435
"1348","680","11800",37.4873561,127.0286789
"1349","680","0",37.4880785,127.0520452
"1350","680","10700",37.5153678,127.1063668
"1351","680","10600",37.4620102,127.0381967
"1352","680","10600",37.4630871,127.038889
"1353","680","0",37.5293007,127.0446362
"1354","680","10700",37.4969123,127.0129685
"1355","680","10700",37.5099762,127.118171
"1356","680","10500",37.4807858,127.0127161
"1357","680","10300",37.5339044,127.0844235
"1358","680","10500",37.5169396,127.0438579
"1359","680","10600",37.4972527,127.0260226
"1360","680","10100",37.4928218,127.0591457
"1361","680","10600",37.4958733,127.1086505
"1362","680","10600",37.4951125,127.1215107
"1363","680","10100",37.4964827,127.0508625
"1364","680","11800",37.4863126,127.0292991
"1365","680","10100",37.5333834,127.0901533
"1366","680","11000",37.4888302,127.1032617
"1367","680","10500",37.5027319,127.0464901
"1368","680","10500",37.5023571,127.0428991
"1369","680","10400",37.5083783,127.0254641
"1370","680","10500",37.5028611,127.0470429
"1371","680","11100",37.4883991,127.0984113
"1372","680","11100",37.5273744,127.045714
"1373","680","10600",37.5278829,127.0404812
"1374","680","10500",37.5093019,127.0443727
"1375","680","10500",37.503092,127.0503598
"1376","680","10100",37.5052384,127.0775041
"1377","680","10100",37.486811,127.0697651
"1378","680","10600",37.5112496,127.0388831
"1379","680","10600",37.4896874,127.0754592
"1380","680","11400",37.5111472,127.0386616
"1381","680","10700",37.4913355,127.0396231
"1382","680","10700",37.5104382,127.0247648
"1383","680","10700",37.5097864,127.0257632
"1384","680","11000",37.5095093,127.0164733
"1385","680","10600",37.4978325,127.0968175
"1386","680","10100",37.5258752,127.0331479
"1387","680","11800",37.5066508,127.0793494
"1388","680","10200",37.4641886,127.040594
"1389","680","11400",37.5231645,127.0382906
"1390","680","10200",37.4862159,127.0526191
"1391","680","10700",37.5206133,127.027973
"1392","680","10700",37.518153,127.0266659
"1393","680","10200",37.4981255,127.0539303
"1394","680","11400",37.5245758,127.0503056
"1395","680","10700",37.4926187,127.028251
"1396","680","10700",37.4924505,127.0283274
"1397","680","10700",37.4824448,127.0184567
"1398","680","10700",37.4941185,127.0210627
"1399","680","11000",37.5149204,127.0103773
"1400","680","10400",37.484781,127.0462103
"1401","680","10600",37.5247383,127.1133863
"1402","680","10200",37.4924973,127.0835481
"1403","680","10100",37.4930871,127.013952
"1404","680","10100",37.5040546,127.0370377
"1405","680","10600",37.510059,127.0966012
"1406","680","11400",37.4960961,127.0456324
"1407","680","10300",37.5038503,127.0612233
"1408","680","10600",37.5098206,127.0975175
"1409","680","10100",37.5327149,127.0292911
"1410","680","11100",37.4844099,127.0346576
"1411","680","10800",37.518429,127.0233557
"1412","680","11500",37.5324526,127.0784533
"1413","680","11500",37.5346812,127.0709068
"1414","680","11100",37.4863877,127.0329044
"1415","680","11400",37.5187809,127.0491833
"1416","680","10400",37.5022486,127.0969457
"1417","680","10100",37.4833766,127.047889
"1418","680","10100",37.5014223,127.0435255
"1419","680","10800",37.4983724,127.0447933
"1420","680","10500",37.4863965,127.1069792
"1421","680","10500",37.5145642,127.0351924
"1422","680","11100",37.5085576,127.038622
"1423","680","11400",37.5214616,127.0488318
"1424","680","11800",37.4849287,127.0112374
"1425","680","10200",37.4867741,127.0099433
"1426","680","10400",37.5118019,127.0541593
"1427","680","11100",37.4986465,127.0450421
"1428","680","11100",37.4984572,127.0234951
"1429","680","11100",37.4984476,127.0235114
"1430","680","10100",37.5342944,127.0819244
"1431","680","11100",37.4880161,127.0285977
"1432","680","11100",37.4886126,127.0323359
"1433","680","10600",37.4938509,127.0136803
"1434","680","10500",37.4938476,127.0134422
"1435","680","10500",37.5174155,127.0412199
"1436","680","10100",37.4889351,127.0692542
"1437","680","10100",37.4885403,127.0695294
"1438","680","10100",37.4869662,127.0712431
"1439","680","10400",37.4935508,127.0139961
"1440","680","10100",37.4936953,127.0259473
"1441","680","10700",37.4940254,127.0138853
"1442","680","10700",37.5318623,127.1220548
"1443","680","10500",37.4673039,127.0978038
"1444","680","11100",37.5038471,127.1139177
"1445","680","10100",37.4978131,127.0382
"1446","680","10700",37.5105004,127.0246463
"1447","680","10500",37.5339708,127.1236829
"1448","680","11100",37.4855486,127.0337886
"1449","680","11100",37.4861253,127.0294924
"1450","680","10500",37.5093997,127.0554404
"1451","680","11100",37.4850573,127.0463229
"1452","680","10500",37.4855916,127.0160993
"1453","680","10300",37.5034665,127.0405225
"1454","680","11400",37.529214,127.0114219
"1455","680","11100",37.5113313,127.0444264
"1456","680","11100",37.4999546,127.0513004
"1457","680","10400",37.5071873,127.0672814
"1458","680","11000",37.4941893,127.0276218
"1459","680","10200",37.4802981,127.1211691
"1460","680","11100",37.4722588,127.0235587
"1461","680","11100",37.4858929,127.0331356
"1462","680","10100",37.5139865,127.060556
"1463","680","11100",37.5036223,127.0210404
"1464","680","11800",37.5168463,127.1001046
"1465","680","11300",37.4966167,127.077379
"1466","680","11100",37.5185573,127.0479657
"1467","680","10500",37.4944296,127.0447504
"1468","680","10100",37.5327117,127.0295514
"1469","680","10400",37.4906794,127.0810401
"1470","680","11400",37.51615,127.0119735
"1471","680","11000",37.5099487,127.0125614
"1472","680","10500",37.5236125,127.0373568
"1473","680","10100",37.5199651,127.0231173
"1474","680","10100",37.4938999,127.0673134
"1475","680","10100",37.5039362,127.0100424
"1476","680","10200",37.4922875,127.0834807
"1477","680","10800",37.5319916,127.0267564
"1478","680","11400",37.5297995,127.0279924
"1479","680","10500",37.4965017,127.0405851
"1480","680","11800",37.5265025,127.0207068
"1481","680","11800",37.5244077,127.024283
"1482","680","10100",37.5100074,127.0254199
"1483","680","10500",37.5056884,127.0650591
"1484","680","10100",37.4822812,127.0360771
"1485","680","10800",37.5302817,127.0278401
"1486","680","10700",37.485704,127.0861829
"1487","680","10300",37.5149002,127.0595279
"1488","680","10700",37.4994093,127.0266374
"1489","680","10700",37.4700894,127.0251733
"1490","680","10100",37.4967942,127.0701346
"1491","680","10100",37.4990859,127.0312813
"1492","680","10100",37.5191763,127.0129386
"1493","680","10100",37.5030824,127.0435671
"1494","680","10400",37.5072987,127.0673566
"1495","680","10100",37.4906142,127.0887025
"1496","680","10700",37.4750625,127.0507792
"1497","680","10700",37.4938026,127.0795039
"1498","680","10200",37.5143229,127.1208016
"1499","680","10100",37.4951727,127.0648784
"1500","680","11800",37.501061,127.0527056
"1501","680","10800",37.5007538,127.0677276
"1502","680","11300",37.5093196,127.0400555
"1503","680","10700",37.4933506,127.0831667
"1504","680","11400",37.5050607,127.0850317
"1505","680","10600",37.4834062,127.044459
"1506","680","11800",37.507793,127.0348926
"1507","680","10500",37.5042314,127.0422139
"1508","680","11000",37.5067946,127.0503279
"1509","680","11800",37.5010468,127.0424034
"1510","680","10600",37.5227208,127.0375892
"1511","680","11800",37.4833037,127.0839809
"1512","680","10400",37.5144085,127.0344359
"1513","680","10700",37.497043,127.0546137
"1514","680","10800",37.515006,127.0521056
"1515","680","10400",37.4791928,127.0500304
"1516","680","10700",37.5119665,127.121395
"1517","680","10800",37.4756202,127.0586704
"1518","680","10500",37.48125,127.0834261
"1519","680","10400",37.5065712,127.1200974
"1520","680","10800",37.5089562,127.0571832
"1521","680","11800",37.507036,127.1055654
"1522","680","10800",37.4635348,127.1078203
"1523","680","10700",37.5153816,127.0667068
"1524","680","11000",37.4986459,127.0244263
"1525","680","11400",37.4902657,127.0844311
"1526","680","10200",37.5251169,127.0216183
"1527","680","10600",37.5290858,127.0280454
"1528","680","10600",37.5220343,127.0360405
"1529","680","10400",37.5147842,127.0601263
"1530","680","11000",37.4948258,127.0153617
"1531","680","10500",37.503278,127.0585589
"1532","680","11100",37.4777815,127.0413683
"1533","680","10800",37.4757993,127.058976
"1534","680","10800",37.4949517,127.0164227
"1535","680","10100",37.5261872,127.031491
"1536","680","11000",37.506366,127.0602093
"1537","680","10800",37.4854559,127.0910834
"1538","680","10600",37.5156993,127.0419869
"1539","680","11800",37.4831318,127.083881
"1540","680","11500",37.5244981,127.0481896
"1541","680","10600",37.4823919,127.078724
"1542","680","10700",37.530496,127.1077828
"1543","680","11400",37.4830755,127.079895
"1544","680","10700",37.5172697,127.0387883
"1545","680","10300",37.4926553,127.0842867
"1546","680","10300",37.5193267,127.04062
"1547","680","10800",37.5156565,127.0354209
"1548","680","10600",37.5020882,127.110501
"1549","680","10800",37.5020045,127.0656013
"1550","680","10700",37.5214914,127.0363172
"1551","680","11500",37.5141173,127.0658108
"1552","680","10500",37.4878769,127.0628834
"1553","680","11400",37.5149552,127.0643212
"1554","680","10500",37.5052909,127.0847346
"1555","680","10800",37.4818406,127.0615841
"1556","680","10100",37.4855519,127.0400495
"1557","680","10300",37.5136584,127.0424617
"1558","680","10500",37.4813472,127.0840708
"1559","680","11000",37.4908954,127.0657228
"1560","680","11400",37.4900171,127.0835917
"1561","680","10800",37.4992289,127.0231336
"1562","680","11800",37.51271,127.0132987
"1563","680","10700",37.5152628,127.0666006
"1564","680","10700",37.5088563,127.066827
"1565","680","10100",37.4871697,127.052163
"1566","680","10300",37.501868,127.0397504
"1567","680","10600",37.5151816,127.0425066
"1568","680","11000",37.4679798,127.1215885
"1569","680","11800",37.5168305,127.0295766
"1570","680","10400",37.4903683,127.0633878
"1571","680","10100",37.471791,127.023999
"1572","680","10300",37.5255616,127.0255128
"1573","680","10700",37.5213448,127.0304201
"1574","680","10800",37.483612,127.057119
"1575","680","10500",37.5168881,127.0511191
"1576","680","10600",37.5034385,127.0355582
"1577","680","10800",37.5252911,127.0490164
"1578","680","10700",37.5155306,127.0362532
"1579","680","10600",37.5087115,127.0590835
"1580","680","10800",37.5260892,127.0464487
"1581","680","10600",37.5134088,127.0126093
"1582","680","10400",37.5019987,127.0594058
"1583","680","10600",37.4913856,127.0379814
"1584","680","11000",37.5267225,127.0454247
"1585","680","10500",37.4735852,127.0485371
"1586","680","10800",37.5018732,127.0569808
"1587","680","10800",37.5181675,127.0472809
"1588","680","10500",37.4930503,127.087024
"1589","680","11400",37.4982924,127.059047
"1590","680","11400",37.4955922,127.0462845
"1591","680","10600",37.5246183,127.0371595
"1592","680","10500",37.4906401,127.0857043
"1593","680","10600",37.5131226,127.1200483
"1594","680","10100",37.4993912,127.062461
"1595","680","10600",37.5109144,127.0455872
"1596","680","10400",37.5213464,127.0339355
"1597","680","10100",37.5017428,127.0458624
"1598","680","10400",37.5116028,127.0573206
"1599","680","10400",37.534325,127.1171611
"1600","680","11800",37.5105473,127.0544906
"1601","680","11100",37.508017,127.0592924
"1602","680","10500",37.4933258,127.0869995
"1603","680","10800",37.5067166,127.0314036
"1604","680","11100",37.5032735,127.0212037
