"","long","lat","order","hole","piece","id","group"
"1",127.03967972,37.53584014,34204,FALSE,"1","11680","11680.1"
"2",127.0397978,37.53582434,34205,FALSE,"1","11680","11680.1"
"3",127.04019289,37.53577437,34206,FALSE,"1","11680","11680.1"
"4",127.04122056,37.53549585,34207,FALSE,"1","11680","11680.1"
"5",127.04382619,37.53481844,34208,FALSE,"1","11680","11680.1"
"6",127.04389051,37.53480172,34209,FALSE,"1","11680","11680.1"
"7",127.04391636,37.53479541,34210,FALSE,"1","11680","11680.1"
"8",127.04493886,37.53454568,34211,FALSE,"1","11680","11680.1"
"9",127.04598455,37.53426768,34212,FALSE,"1","11680","11680.1"
"10",127.04601035,37.53426062,34213,FALSE,"1","11680","11680.1"
"11",127.04601956,37.53425554,34214,FALSE,"1","11680","11680.1"
"12",127.04604763,37.53424005,34215,FALSE,"1","11680","11680.1"
"13",127.04611638,37.53419695,34216,FALSE,"1","11680","11680.1"
"14",127.04636251,37.53404386,34217,FALSE,"1","11680","11680.1"
"15",127.04639223,37.53402538,34218,FALSE,"1","11680","11680.1"
"16",127.04651822,37.53394587,34219,FALSE,"1","11680","11680.1"
"17",127.04652424,37.53394199,34220,FALSE,"1","11680","11680.1"
"18",127.04708779,37.53361516,34221,FALSE,"1","11680","11680.1"
"19",127.04733714,37.53346978,34222,FALSE,"1","11680","11680.1"
"20",127.0475515,37.53334524,34223,FALSE,"1","11680","11680.1"
"21",127.04816206,37.53299164,34224,FALSE,"1","11680","11680.1"
"22",127.04892899,37.53254253,34225,FALSE,"1","11680","11680.1"
"23",127.04897246,37.53251718,34226,FALSE,"1","11680","11680.1"
"24",127.04949535,37.53221514,34227,FALSE,"1","11680","11680.1"
"25",127.05003909,37.53187929,34228,FALSE,"1","11680","11680.1"
"26",127.05055983,37.53156091,34229,FALSE,"1","11680","11680.1"
"27",127.05117795,37.53118139,34230,FALSE,"1","11680","11680.1"
"28",127.05131365,37.53109771,34231,FALSE,"1","11680","11680.1"
"29",127.05140218,37.53104304,34232,FALSE,"1","11680","11680.1"
"30",127.05147268,37.53099994,34233,FALSE,"1","11680","11680.1"
"31",127.05161722,37.5309109,34234,FALSE,"1","11680","11680.1"
"32",127.05207805,37.53062239,34235,FALSE,"1","11680","11680.1"
"33",127.05236218,37.53043926,34236,FALSE,"1","11680","11680.1"
"34",127.05257192,37.5303043,34237,FALSE,"1","11680","11680.1"
"35",127.05283236,37.5301375,34238,FALSE,"1","11680","11680.1"
"36",127.0531225,37.52995182,34239,FALSE,"1","11680","11680.1"
"37",127.05329707,37.52983997,34240,FALSE,"1","11680","11680.1"
"38",127.0533969,37.5297763,34241,FALSE,"1","11680","11680.1"
"39",127.05355292,37.52967627,34242,FALSE,"1","11680","11680.1"
"40",127.05380188,37.52951679,34243,FALSE,"1","11680","11680.1"
"41",127.0539443,37.52942663,34244,FALSE,"1","11680","11680.1"
"42",127.05433214,37.52917785,34245,FALSE,"1","11680","11680.1"
"43",127.05481821,37.52886537,34246,FALSE,"1","11680","11680.1"
"44",127.05507846,37.52869801,34247,FALSE,"1","11680","11680.1"
"45",127.05512705,37.52866758,34248,FALSE,"1","11680","11680.1"
"46",127.05537483,37.52858948,34249,FALSE,"1","11680","11680.1"
"47",127.05621905,37.52832386,34250,FALSE,"1","11680","11680.1"
"48",127.0562445,37.52831568,34251,FALSE,"1","11680","11680.1"
"49",127.05708184,37.52805315,34252,FALSE,"1","11680","11680.1"
"50",127.05750775,37.52792006,34253,FALSE,"1","11680","11680.1"
"51",127.05786403,37.52780895,34254,FALSE,"1","11680","11680.1"
"52",127.05839349,37.52764286,34255,FALSE,"1","11680","11680.1"
"53",127.05850377,37.52760818,34256,FALSE,"1","11680","11680.1"
"54",127.05858541,37.52758279,34257,FALSE,"1","11680","11680.1"
"55",127.05882346,37.52750863,34258,FALSE,"1","11680","11680.1"
"56",127.05908237,37.52742741,34259,FALSE,"1","11680","11680.1"
"57",127.05955226,37.52728049,34260,FALSE,"1","11680","11680.1"
"58",127.06015648,37.5270907,34261,FALSE,"1","11680","11680.1"
"59",127.06028035,37.52704475,34262,FALSE,"1","11680","11680.1"
"60",127.06060092,37.52693168,34263,FALSE,"1","11680","11680.1"
"61",127.06081351,37.52685442,34264,FALSE,"1","11680","11680.1"
"62",127.06172851,37.52650342,34265,FALSE,"1","11680","11680.1"
"63",127.06349611,37.52581888,34266,FALSE,"1","11680","11680.1"
"64",127.06538808,37.52509285,34267,FALSE,"1","11680","11680.1"
"65",127.06545629,37.52507028,34268,FALSE,"1","11680","11680.1"
"66",127.06546848,37.52506859,34269,FALSE,"1","11680","11680.1"
"67",127.0664639,37.52496021,34270,FALSE,"1","11680","11680.1"
"68",127.06745699,37.52461362,34271,FALSE,"1","11680","11680.1"
"69",127.06750115,37.52458375,34272,FALSE,"1","11680","11680.1"
"70",127.06751002,37.52420815,34273,FALSE,"1","11680","11680.1"
"71",127.06756419,37.52230814,34274,FALSE,"1","11680","11680.1"
"72",127.06758539,37.52148118,34275,FALSE,"1","11680","11680.1"
"73",127.06760535,37.52087835,34276,FALSE,"1","11680","11680.1"
"74",127.06760571,37.52087046,34277,FALSE,"1","11680","11680.1"
"75",127.06766749,37.5199821,34278,FALSE,"1","11680","11680.1"
"76",127.06766836,37.5199669,34279,FALSE,"1","11680","11680.1"
"77",127.06767163,37.51986836,34280,FALSE,"1","11680","11680.1"
"78",127.06767828,37.51980416,34281,FALSE,"1","11680","11680.1"
"79",127.06768985,37.51969181,34282,FALSE,"1","11680","11680.1"
"80",127.06769547,37.51963662,34283,FALSE,"1","11680","11680.1"
"81",127.06769896,37.51960085,34284,FALSE,"1","11680","11680.1"
"82",127.06770405,37.51955327,34285,FALSE,"1","11680","11680.1"
"83",127.06770896,37.51950399,34286,FALSE,"1","11680","11680.1"
"84",127.0677221,37.5193784,34287,FALSE,"1","11680","11680.1"
"85",127.06772806,37.51932125,34288,FALSE,"1","11680","11680.1"
"86",127.06776213,37.51926773,34289,FALSE,"1","11680","11680.1"
"87",127.06780889,37.51919366,34290,FALSE,"1","11680","11680.1"
"88",127.06784931,37.51892362,34291,FALSE,"1","11680","11680.1"
"89",127.0678899,37.51865555,34292,FALSE,"1","11680","11680.1"
"90",127.06790097,37.51857924,34293,FALSE,"1","11680","11680.1"
"91",127.06790058,37.51854968,34294,FALSE,"1","11680","11680.1"
"92",127.06789984,37.51850322,34295,FALSE,"1","11680","11680.1"
"93",127.06789928,37.51846943,34296,FALSE,"1","11680","11680.1"
"94",127.0678989,37.51843903,34297,FALSE,"1","11680","11680.1"
"95",127.06789853,37.51842129,34298,FALSE,"1","11680","11680.1"
"96",127.06789742,37.51836187,34299,FALSE,"1","11680","11680.1"
"97",127.06789631,37.51830979,34300,FALSE,"1","11680","11680.1"
"98",127.06790878,37.51821039,34301,FALSE,"1","11680","11680.1"
"99",127.06797037,37.51771819,34302,FALSE,"1","11680","11680.1"
"100",127.06805409,37.5170559,34303,FALSE,"1","11680","11680.1"
"101",127.06822736,37.5157305,34304,FALSE,"1","11680","11680.1"
"102",127.06838635,37.51446902,34305,FALSE,"1","11680","11680.1"
"103",127.06863243,37.51236392,34306,FALSE,"1","11680","11680.1"
"104",127.06864698,37.51223721,34307,FALSE,"1","11680","11680.1"
"105",127.06865925,37.51212993,34308,FALSE,"1","11680","11680.1"
"106",127.06866486,37.51208065,34309,FALSE,"1","11680","11680.1"
"107",127.06867013,37.5120356,34310,FALSE,"1","11680","11680.1"
"108",127.06867679,37.51197788,34311,FALSE,"1","11680","11680.1"
"109",127.06868643,37.51189425,34312,FALSE,"1","11680","11680.1"
"110",127.06869853,37.51178837,34313,FALSE,"1","11680","11680.1"
"111",127.06871467,37.51164842,34314,FALSE,"1","11680","11680.1"
"112",127.06872957,37.51151664,34315,FALSE,"1","11680","11680.1"
"113",127.06874009,37.51141302,34316,FALSE,"1","11680","11680.1"
"114",127.06874674,37.51134798,34317,FALSE,"1","11680","11680.1"
"115",127.06881454,37.51068233,34318,FALSE,"1","11680","11680.1"
"116",127.06881522,37.51067741,34319,FALSE,"1","11680","11680.1"
"117",127.06883701,37.51052183,34320,FALSE,"1","11680","11680.1"
"118",127.06886757,37.51030614,34321,FALSE,"1","11680","11680.1"
"119",127.06886863,37.51029994,34322,FALSE,"1","11680","11680.1"
"120",127.06887179,37.51027601,34323,FALSE,"1","11680","11680.1"
"121",127.06887494,37.51025095,34324,FALSE,"1","11680","11680.1"
"122",127.06888249,37.51019153,34325,FALSE,"1","11680","11680.1"
"123",127.06888898,37.51013916,34326,FALSE,"1","11680","11680.1"
"124",127.06889986,37.51005299,34327,FALSE,"1","11680","11680.1"
"125",127.06891636,37.50992262,34328,FALSE,"1","11680","11680.1"
"126",127.06892601,37.50984462,34329,FALSE,"1","11680","11680.1"
"127",127.06893583,37.50976606,34330,FALSE,"1","11680","11680.1"
"128",127.06895391,37.50962302,34331,FALSE,"1","11680","11680.1"
"129",127.06896531,37.50953122,34332,FALSE,"1","11680","11680.1"
"130",127.06898093,37.50940873,34333,FALSE,"1","11680","11680.1"
"131",127.06900426,37.50921951,34334,FALSE,"1","11680","11680.1"
"132",127.06902129,37.50908153,34335,FALSE,"1","11680","11680.1"
"133",127.06904391,37.50889823,34336,FALSE,"1","11680","11680.1"
"134",127.06906269,37.50874673,34337,FALSE,"1","11680","11680.1"
"135",127.06908164,37.50859272,34338,FALSE,"1","11680","11680.1"
"136",127.06911689,37.50830691,34339,FALSE,"1","11680","11680.1"
"137",127.06912847,37.50821342,34340,FALSE,"1","11680","11680.1"
"138",127.06914478,37.50807939,34341,FALSE,"1","11680","11680.1"
"139",127.06915794,37.50797182,34342,FALSE,"1","11680","11680.1"
"140",127.069179,37.50779949,34343,FALSE,"1","11680","11680.1"
"141",127.0692311,37.50737374,34344,FALSE,"1","11680","11680.1"
"142",127.06924829,37.5072338,34345,FALSE,"1","11680","11680.1"
"143",127.06926566,37.50709216,34346,FALSE,"1","11680","11680.1"
"144",127.06929301,37.50686577,34347,FALSE,"1","11680","11680.1"
"145",127.06933425,37.50652393,34348,FALSE,"1","11680","11680.1"
"146",127.06936774,37.50624714,34349,FALSE,"1","11680","11680.1"
"147",127.06962031,37.50414739,34350,FALSE,"1","11680","11680.1"
"148",127.06970044,37.50346567,34351,FALSE,"1","11680","11680.1"
"149",127.06978952,37.50290926,34352,FALSE,"1","11680","11680.1"
"150",127.06981676,37.50273919,34353,FALSE,"1","11680","11680.1"
"151",127.0700765,37.50271426,34354,FALSE,"1","11680","11680.1"
"152",127.07021431,37.50270094,34355,FALSE,"1","11680","11680.1"
"153",127.07057017,37.50266695,34356,FALSE,"1","11680","11680.1"
"154",127.07076048,37.50264825,34357,FALSE,"1","11680","11680.1"
"155",127.07137554,37.50258932,34358,FALSE,"1","11680","11680.1"
"156",127.07193777,37.5025355,34359,FALSE,"1","11680","11680.1"
"157",127.07216102,37.50251424,34360,FALSE,"1","11680","11680.1"
"158",127.07227118,37.50250376,34361,FALSE,"1","11680","11680.1"
"159",127.07288766,37.5024468,34362,FALSE,"1","11680","11680.1"
"160",127.07341455,37.50239946,34363,FALSE,"1","11680","11680.1"
"161",127.07379292,37.50236784,34364,FALSE,"1","11680","11680.1"
"162",127.07423511,37.50232518,34365,FALSE,"1","11680","11680.1"
"163",127.0743535,37.50231441,34366,FALSE,"1","11680","11680.1"
"164",127.07476112,37.50227699,34367,FALSE,"1","11680","11680.1"
"165",127.07487437,37.50226679,34368,FALSE,"1","11680","11680.1"
"166",127.07497545,37.50225744,34369,FALSE,"1","11680","11680.1"
"167",127.0750956,37.50224638,34370,FALSE,"1","11680","11680.1"
"168",127.07538537,37.50221945,34371,FALSE,"1","11680","11680.1"
"169",127.07560234,37.50219989,34372,FALSE,"1","11680","11680.1"
"170",127.07593575,37.50216983,34373,FALSE,"1","11680","11680.1"
"171",127.07614478,37.50214971,34374,FALSE,"1","11680","11680.1"
"172",127.07616811,37.50214744,34375,FALSE,"1","11680","11680.1"
"173",127.07621068,37.50214319,34376,FALSE,"1","11680","11680.1"
"174",127.0762849,37.50213582,34377,FALSE,"1","11680","11680.1"
"175",127.07637995,37.50212647,34378,FALSE,"1","11680","11680.1"
"176",127.07653014,37.50211258,34379,FALSE,"1","11680","11680.1"
"177",127.07683582,37.50208395,34380,FALSE,"1","11680","11680.1"
"178",127.07693528,37.50207431,34381,FALSE,"1","11680","11680.1"
"179",127.07698758,37.50206977,34382,FALSE,"1","11680","11680.1"
"180",127.07714092,37.50201871,34383,FALSE,"1","11680","11680.1"
"181",127.07763924,37.50185311,34384,FALSE,"1","11680","11680.1"
"182",127.07821404,37.50166212,34385,FALSE,"1","11680","11680.1"
"183",127.07992606,37.50108999,34386,FALSE,"1","11680","11680.1"
"184",127.08046553,37.50090971,34387,FALSE,"1","11680","11680.1"
"185",127.08073049,37.50082141,34388,FALSE,"1","11680","11680.1"
"186",127.08119417,37.50066736,34389,FALSE,"1","11680","11680.1"
"187",127.0813482,37.5006163,34390,FALSE,"1","11680","11680.1"
"188",127.08157978,37.50053927,34391,FALSE,"1","11680","11680.1"
"189",127.08164125,37.50051868,34392,FALSE,"1","11680","11680.1"
"190",127.08173134,37.50048877,34393,FALSE,"1","11680","11680.1"
"191",127.08178168,37.50047212,34394,FALSE,"1","11680","11680.1"
"192",127.08187792,37.50044018,34395,FALSE,"1","11680","11680.1"
"193",127.08195763,37.50041377,34396,FALSE,"1","11680","11680.1"
"194",127.08204247,37.50038566,34397,FALSE,"1","11680","11680.1"
"195",127.08211058,37.50036309,34398,FALSE,"1","11680","11680.1"
"196",127.0821233,37.50035898,34399,FALSE,"1","11680","11680.1"
"197",127.08214538,37.50035221,34400,FALSE,"1","11680","11680.1"
"198",127.08223847,37.50032117,34401,FALSE,"1","11680","11680.1"
"199",127.0823004,37.50030039,34402,FALSE,"1","11680","11680.1"
"200",127.08232597,37.50029196,34403,FALSE,"1","11680","11680.1"
"201",127.08237311,37.50027628,34404,FALSE,"1","11680","11680.1"
"202",127.08237976,37.50027404,34405,FALSE,"1","11680","11680.1"
"203",127.08244895,37.50025085,34406,FALSE,"1","11680","11680.1"
"204",127.0825694,37.50021047,34407,FALSE,"1","11680","11680.1"
"205",127.08263202,37.50018948,34408,FALSE,"1","11680","11680.1"
"206",127.08273801,37.50015396,34409,FALSE,"1","11680","11680.1"
"207",127.08278099,37.50013949,34410,FALSE,"1","11680","11680.1"
"208",127.08282639,37.50012439,34411,FALSE,"1","11680","11680.1"
"209",127.08285694,37.50011421,34412,FALSE,"1","11680","11680.1"
"210",127.08293267,37.50008901,34413,FALSE,"1","11680","11680.1"
"211",127.08294607,37.50008459,34414,FALSE,"1","11680","11680.1"
"212",127.08303369,37.50005568,34415,FALSE,"1","11680","11680.1"
"213",127.08314373,37.50001928,34416,FALSE,"1","11680","11680.1"
"214",127.08324035,37.4999874,34417,FALSE,"1","11680","11680.1"
"215",127.08332408,37.49995947,34418,FALSE,"1","11680","11680.1"
"216",127.08342547,37.49992533,34419,FALSE,"1","11680","11680.1"
"217",127.0834903,37.49990332,34420,FALSE,"1","11680","11680.1"
"218",127.08353905,37.49988667,34421,FALSE,"1","11680","11680.1"
"219",127.0836316,37.49985451,34422,FALSE,"1","11680","11680.1"
"220",127.08389532,37.49976282,34423,FALSE,"1","11680","11680.1"
"221",127.08405287,37.49970781,34424,FALSE,"1","11680","11680.1"
"222",127.0841539,37.49967254,34425,FALSE,"1","11680","11680.1"
"223",127.08421431,37.49965279,34426,FALSE,"1","11680","11680.1"
"224",127.08442983,37.49959295,34427,FALSE,"1","11680","11680.1"
"225",127.0847771,37.49949556,34428,FALSE,"1","11680","11680.1"
"226",127.08504136,37.49942077,34429,FALSE,"1","11680","11680.1"
"227",127.08519187,37.49937814,34430,FALSE,"1","11680","11680.1"
"228",127.08522949,37.49936741,34431,FALSE,"1","11680","11680.1"
"229",127.08528196,37.49935245,34432,FALSE,"1","11680","11680.1"
"230",127.08529556,37.49934851,34433,FALSE,"1","11680","11680.1"
"231",127.08532364,37.49934032,34434,FALSE,"1","11680","11680.1"
"232",127.08549516,37.49929261,34435,FALSE,"1","11680","11680.1"
"233",127.08587106,37.49918788,34436,FALSE,"1","11680","11680.1"
"234",127.0862489,37.49908203,34437,FALSE,"1","11680","11680.1"
"235",127.08651316,37.49900751,34438,FALSE,"1","11680","11680.1"
"236",127.08673255,37.49894597,34439,FALSE,"1","11680","11680.1"
"237",127.08714819,37.49882882,34440,FALSE,"1","11680","11680.1"
"238",127.08736581,37.49876785,34441,FALSE,"1","11680","11680.1"
"239",127.08759775,37.49870292,34442,FALSE,"1","11680","11680.1"
"240",127.08821881,37.49853015,34443,FALSE,"1","11680","11680.1"
"241",127.0884548,37.49846437,34444,FALSE,"1","11680","11680.1"
"242",127.08877081,37.498376,34445,FALSE,"1","11680","11680.1"
"243",127.0892509,37.49824157,34446,FALSE,"1","11680","11680.1"
"244",127.08927702,37.49823425,34447,FALSE,"1","11680","11680.1"
"245",127.08936831,37.49820869,34448,FALSE,"1","11680","11680.1"
"246",127.08966302,37.49812616,34449,FALSE,"1","11680","11680.1"
"247",127.08978137,37.49809256,34450,FALSE,"1","11680","11680.1"
"248",127.08985378,37.49807196,34451,FALSE,"1","11680","11680.1"
"249",127.09000163,37.49802962,34452,FALSE,"1","11680","11680.1"
"250",127.0901417,37.49798925,34453,FALSE,"1","11680","11680.1"
"251",127.09024733,37.49795988,34454,FALSE,"1","11680","11680.1"
"252",127.09028889,37.49794831,34455,FALSE,"1","11680","11680.1"
"253",127.09030106,37.49794497,34456,FALSE,"1","11680","11680.1"
"254",127.09032116,37.49793922,34457,FALSE,"1","11680","11680.1"
"255",127.09039306,37.49791867,34458,FALSE,"1","11680","11680.1"
"256",127.09056828,37.49786898,34459,FALSE,"1","11680","11680.1"
"257",127.09063544,37.49785041,34460,FALSE,"1","11680","11680.1"
"258",127.09064283,37.49784841,34461,FALSE,"1","11680","11680.1"
"259",127.0907129,37.49782948,34462,FALSE,"1","11680","11680.1"
"260",127.09077879,37.4978116,34463,FALSE,"1","11680","11680.1"
"261",127.09081298,37.49780176,34464,FALSE,"1","11680","11680.1"
"262",127.09092127,37.49777058,34465,FALSE,"1","11680","11680.1"
"263",127.09097438,37.49775526,34466,FALSE,"1","11680","11680.1"
"264",127.09098143,37.49775323,34467,FALSE,"1","11680","11680.1"
"265",127.09104258,37.4977362,34468,FALSE,"1","11680","11680.1"
"266",127.09109114,37.49772266,34469,FALSE,"1","11680","11680.1"
"267",127.09113299,37.49771088,34470,FALSE,"1","11680","11680.1"
"268",127.09115506,37.49770467,34471,FALSE,"1","11680","11680.1"
"269",127.09118351,37.49769648,34472,FALSE,"1","11680","11680.1"
"270",127.09119908,37.49769216,34473,FALSE,"1","11680","11680.1"
"271",127.091255,37.49767617,34474,FALSE,"1","11680","11680.1"
"272",127.0912818,37.49766872,34475,FALSE,"1","11680","11680.1"
"273",127.09131605,37.49765919,34476,FALSE,"1","11680","11680.1"
"274",127.09137139,37.49764397,34477,FALSE,"1","11680","11680.1"
"275",127.09144528,37.49762364,34478,FALSE,"1","11680","11680.1"
"276",127.09150534,37.49760698,34479,FALSE,"1","11680","11680.1"
"277",127.0916458,37.49756734,34480,FALSE,"1","11680","11680.1"
"278",127.09167216,37.49755961,34481,FALSE,"1","11680","11680.1"
"279",127.09169668,37.49755301,34482,FALSE,"1","11680","11680.1"
"280",127.09176634,37.49753426,34483,FALSE,"1","11680","11680.1"
"281",127.09178537,37.49752875,34484,FALSE,"1","11680","11680.1"
"282",127.09185082,37.49751022,34485,FALSE,"1","11680","11680.1"
"283",127.09194429,37.49748374,34486,FALSE,"1","11680","11680.1"
"284",127.09200147,37.49746755,34487,FALSE,"1","11680","11680.1"
"285",127.09203232,37.49745857,34488,FALSE,"1","11680","11680.1"
"286",127.0920521,37.49745301,34489,FALSE,"1","11680","11680.1"
"287",127.09207177,37.49744744,34490,FALSE,"1","11680","11680.1"
"288",127.09209958,37.49743965,34491,FALSE,"1","11680","11680.1"
"289",127.09213596,37.49742946,34492,FALSE,"1","11680","11680.1"
"290",127.09223215,37.49740252,34493,FALSE,"1","11680","11680.1"
"291",127.09227566,37.49739019,34494,FALSE,"1","11680","11680.1"
"292",127.09228678,37.4973872,34495,FALSE,"1","11680","11680.1"
"293",127.09229366,37.49738535,34496,FALSE,"1","11680","11680.1"
"294",127.09230484,37.49738211,34497,FALSE,"1","11680","11680.1"
"295",127.09231117,37.49738033,34498,FALSE,"1","11680","11680.1"
"296",127.09236239,37.49736591,34499,FALSE,"1","11680","11680.1"
"297",127.09246036,37.49733834,34500,FALSE,"1","11680","11680.1"
"298",127.0925492,37.49731341,34501,FALSE,"1","11680","11680.1"
"299",127.0927114,37.4972679,34502,FALSE,"1","11680","11680.1"
"300",127.09278011,37.49724842,34503,FALSE,"1","11680","11680.1"
"301",127.09286631,37.49722414,34504,FALSE,"1","11680","11680.1"
"302",127.09303129,37.49717755,34505,FALSE,"1","11680","11680.1"
"303",127.09312172,37.49715186,34506,FALSE,"1","11680","11680.1"
"304",127.09344054,37.49706208,34507,FALSE,"1","11680","11680.1"
"305",127.09357532,37.49702424,34508,FALSE,"1","11680","11680.1"
"306",127.09367388,37.49699629,34509,FALSE,"1","11680","11680.1"
"307",127.09382137,37.49695451,34510,FALSE,"1","11680","11680.1"
"308",127.09392682,37.49692486,34511,FALSE,"1","11680","11680.1"
"309",127.09398228,37.49690933,34512,FALSE,"1","11680","11680.1"
"310",127.09417975,37.49685314,34513,FALSE,"1","11680","11680.1"
"311",127.09428874,37.49682209,34514,FALSE,"1","11680","11680.1"
"312",127.09434049,37.49680741,34515,FALSE,"1","11680","11680.1"
"313",127.0943843,37.49679528,34516,FALSE,"1","11680","11680.1"
"314",127.09443996,37.49677981,34517,FALSE,"1","11680","11680.1"
"315",127.09444736,37.49677778,34518,FALSE,"1","11680","11680.1"
"316",127.09449147,37.49676566,34519,FALSE,"1","11680","11680.1"
"317",127.09455428,37.4967484,34520,FALSE,"1","11680","11680.1"
"318",127.0946042,37.49673371,34521,FALSE,"1","11680","11680.1"
"319",127.09471272,37.49670357,34522,FALSE,"1","11680","11680.1"
"320",127.09479425,37.49668091,34523,FALSE,"1","11680","11680.1"
"321",127.09485095,37.4966603,34524,FALSE,"1","11680","11680.1"
"322",127.09506465,37.49658299,34525,FALSE,"1","11680","11680.1"
"323",127.09525345,37.4965147,34526,FALSE,"1","11680","11680.1"
"324",127.09551519,37.49642101,34527,FALSE,"1","11680","11680.1"
"325",127.09585606,37.4962977,34528,FALSE,"1","11680","11680.1"
"326",127.09589667,37.49628303,34529,FALSE,"1","11680","11680.1"
"327",127.09640231,37.49609932,34530,FALSE,"1","11680","11680.1"
"328",127.09677231,37.49596557,34531,FALSE,"1","11680","11680.1"
"329",127.09713824,37.49583294,34532,FALSE,"1","11680","11680.1"
"330",127.09714515,37.49583077,34533,FALSE,"1","11680","11680.1"
"331",127.09717819,37.49581302,34534,FALSE,"1","11680","11680.1"
"332",127.09725507,37.49577173,34535,FALSE,"1","11680","11680.1"
"333",127.09732203,37.49573576,34536,FALSE,"1","11680","11680.1"
"334",127.09739005,37.49569922,34537,FALSE,"1","11680","11680.1"
"335",127.09752038,37.49562928,34538,FALSE,"1","11680","11680.1"
"336",127.09755337,37.49561157,34539,FALSE,"1","11680","11680.1"
"337",127.09773858,37.49551259,34540,FALSE,"1","11680","11680.1"
"338",127.09778573,37.49548722,34541,FALSE,"1","11680","11680.1"
"339",127.0978011,37.49547904,34542,FALSE,"1","11680","11680.1"
"340",127.09774892,37.49544107,34543,FALSE,"1","11680","11680.1"
"341",127.09764387,37.49536513,34544,FALSE,"1","11680","11680.1"
"342",127.09758215,37.49531966,34545,FALSE,"1","11680","11680.1"
"343",127.09754389,37.4952923,34546,FALSE,"1","11680","11680.1"
"344",127.09747489,37.49524292,34547,FALSE,"1","11680","11680.1"
"345",127.0974007,37.49518936,34548,FALSE,"1","11680","11680.1"
"346",127.09742348,37.49518455,34549,FALSE,"1","11680","11680.1"
"347",127.09762344,37.49514215,34550,FALSE,"1","11680","11680.1"
"348",127.09802707,37.49505679,34551,FALSE,"1","11680","11680.1"
"349",127.09850965,37.49495475,34552,FALSE,"1","11680","11680.1"
"350",127.0987944,37.49489482,34553,FALSE,"1","11680","11680.1"
"351",127.09882689,37.49487988,34554,FALSE,"1","11680","11680.1"
"352",127.0988426,37.49487255,34555,FALSE,"1","11680","11680.1"
"353",127.09892242,37.49483785,34556,FALSE,"1","11680","11680.1"
"354",127.0990485,37.49478256,34557,FALSE,"1","11680","11680.1"
"355",127.09914192,37.49474109,34558,FALSE,"1","11680","11680.1"
"356",127.09918607,37.49472218,34559,FALSE,"1","11680","11680.1"
"357",127.09920425,37.49471429,34560,FALSE,"1","11680","11680.1"
"358",127.09922403,37.49470893,34561,FALSE,"1","11680","11680.1"
"359",127.09924064,37.49470441,34562,FALSE,"1","11680","11680.1"
"360",127.09926519,37.49469734,34563,FALSE,"1","11680","11680.1"
"361",127.09931659,37.49468266,34564,FALSE,"1","11680","11680.1"
"362",127.09932824,37.49467843,34565,FALSE,"1","11680","11680.1"
"363",127.09936886,37.4946615,34566,FALSE,"1","11680","11680.1"
"364",127.09941689,37.49464147,34567,FALSE,"1","11680","11680.1"
"365",127.09947322,37.49461862,34568,FALSE,"1","11680","11680.1"
"366",127.09958413,37.49457629,34569,FALSE,"1","11680","11680.1"
"367",127.09962052,37.49456246,34570,FALSE,"1","11680","11680.1"
"368",127.09967191,37.49454328,34571,FALSE,"1","11680","11680.1"
"369",127.09974395,37.49451591,34572,FALSE,"1","11680","11680.1"
"370",127.09976268,37.49450885,34573,FALSE,"1","11680","11680.1"
"371",127.09977584,37.49444746,34574,FALSE,"1","11680","11680.1"
"372",127.09982578,37.49439983,34575,FALSE,"1","11680","11680.1"
"373",127.09989521,37.49438626,34576,FALSE,"1","11680","11680.1"
"374",127.09994432,37.49437721,34577,FALSE,"1","11680","11680.1"
"375",127.10007447,37.4943267,34578,FALSE,"1","11680","11680.1"
"376",127.10013381,37.49430356,34579,FALSE,"1","11680","11680.1"
"377",127.10018519,37.49428381,34580,FALSE,"1","11680","11680.1"
"378",127.10022829,37.49426716,34581,FALSE,"1","11680","11680.1"
"379",127.10025972,37.49425531,34582,FALSE,"1","11680","11680.1"
"380",127.10032665,37.49423048,34583,FALSE,"1","11680","11680.1"
"381",127.10035773,37.49421862,34584,FALSE,"1","11680","11680.1"
"382",127.10039491,37.49413582,34585,FALSE,"1","11680","11680.1"
"383",127.10044044,37.49410087,34586,FALSE,"1","11680","11680.1"
"384",127.10045422,37.49409297,34587,FALSE,"1","11680","11680.1"
"385",127.10057487,37.4940726,34588,FALSE,"1","11680","11680.1"
"386",127.10088512,37.49393015,34589,FALSE,"1","11680","11680.1"
"387",127.10148866,37.4936537,34590,FALSE,"1","11680","11680.1"
"388",127.10169949,37.49355836,34591,FALSE,"1","11680","11680.1"
"389",127.10214783,37.49335385,34592,FALSE,"1","11680","11680.1"
"390",127.10246284,37.49321138,34593,FALSE,"1","11680","11680.1"
"391",127.10268798,37.49310927,34594,FALSE,"1","11680","11680.1"
"392",127.1029675,37.49298036,34595,FALSE,"1","11680","11680.1"
"393",127.10312255,37.49290743,34596,FALSE,"1","11680","11680.1"
"394",127.10330757,37.49282042,34597,FALSE,"1","11680","11680.1"
"395",127.10337854,37.49277812,34598,FALSE,"1","11680","11680.1"
"396",127.10341774,37.49275725,34599,FALSE,"1","11680","11680.1"
"397",127.10349984,37.49271185,34600,FALSE,"1","11680","11680.1"
"398",127.10351519,37.49270311,34601,FALSE,"1","11680","11680.1"
"399",127.10357503,37.49266166,34602,FALSE,"1","11680","11680.1"
"400",127.1036331,37.49262164,34603,FALSE,"1","11680","11680.1"
"401",127.10371977,37.49256187,34604,FALSE,"1","11680","11680.1"
"402",127.10382957,37.49248604,34605,FALSE,"1","11680","11680.1"
"403",127.10396302,37.49239385,34606,FALSE,"1","11680","11680.1"
"404",127.10406805,37.49232083,34607,FALSE,"1","11680","11680.1"
"405",127.10415153,37.49226275,34608,FALSE,"1","11680","11680.1"
"406",127.10425815,37.49218861,34609,FALSE,"1","11680","11680.1"
"407",127.10431816,37.49214689,34610,FALSE,"1","11680","11680.1"
"408",127.10438065,37.49210347,34611,FALSE,"1","11680","11680.1"
"409",127.10445055,37.49205498,34612,FALSE,"1","11680","11680.1"
"410",127.10450739,37.49201579,34613,FALSE,"1","11680","11680.1"
"411",127.10457376,37.49197013,34614,FALSE,"1","11680","11680.1"
"412",127.10469644,37.49188527,34615,FALSE,"1","11680","11680.1"
"413",127.10476052,37.49184072,34616,FALSE,"1","11680","11680.1"
"414",127.10485865,37.49177278,34617,FALSE,"1","11680","11680.1"
"415",127.10549868,37.49132961,34618,FALSE,"1","11680","11680.1"
"416",127.1058653,37.491077,34619,FALSE,"1","11680","11680.1"
"417",127.10623033,37.49082553,34620,FALSE,"1","11680","11680.1"
"418",127.10635494,37.49074067,34621,FALSE,"1","11680","11680.1"
"419",127.10639501,37.49071276,34622,FALSE,"1","11680","11680.1"
"420",127.1064319,37.49068739,34623,FALSE,"1","11680","11680.1"
"421",127.10652545,37.49062282,34624,FALSE,"1","11680","11680.1"
"422",127.10659923,37.49057151,34625,FALSE,"1","11680","11680.1"
"423",127.10669083,37.49050977,34626,FALSE,"1","11680","11680.1"
"424",127.10695013,37.49033272,34627,FALSE,"1","11680","11680.1"
"425",127.10700696,37.49029156,34628,FALSE,"1","11680","11680.1"
"426",127.10711417,37.49013913,34629,FALSE,"1","11680","11680.1"
"427",127.10733298,37.48983091,34630,FALSE,"1","11680","11680.1"
"428",127.10747124,37.48963623,34631,FALSE,"1","11680","11680.1"
"429",127.10759589,37.48946127,34632,FALSE,"1","11680","11680.1"
"430",127.10768105,37.48934039,34633,FALSE,"1","11680","11680.1"
"431",127.10776869,37.48921615,34634,FALSE,"1","11680","11680.1"
"432",127.10784292,37.48911388,34635,FALSE,"1","11680","11680.1"
"433",127.10789229,37.48904429,34636,FALSE,"1","11680","11680.1"
"434",127.1079362,37.4889823,34637,FALSE,"1","11680","11680.1"
"435",127.10799598,37.48889778,34638,FALSE,"1","11680","11680.1"
"436",127.10808889,37.48876677,34639,FALSE,"1","11680","11680.1"
"437",127.1083978,37.4883281,34640,FALSE,"1","11680","11680.1"
"438",127.10847326,37.48822075,34641,FALSE,"1","11680","11680.1"
"439",127.10860692,37.48803368,34642,FALSE,"1","11680","11680.1"
"440",127.10862948,37.4880024,34643,FALSE,"1","11680","11680.1"
"441",127.10866387,37.48795451,34644,FALSE,"1","11680","11680.1"
"442",127.10877725,37.48779673,34645,FALSE,"1","11680","11680.1"
"443",127.10885324,37.48769163,34646,FALSE,"1","11680","11680.1"
"444",127.10903185,37.48744454,34647,FALSE,"1","11680","11680.1"
"445",127.10912249,37.48731973,34648,FALSE,"1","11680","11680.1"
"446",127.10917566,37.48731489,34649,FALSE,"1","11680","11680.1"
"447",127.10914752,37.4872848,34650,FALSE,"1","11680","11680.1"
"448",127.10917274,37.48724844,34651,FALSE,"1","11680","11680.1"
"449",127.10920676,37.48719943,34652,FALSE,"1","11680","11680.1"
"450",127.10926812,37.48711152,34653,FALSE,"1","11680","11680.1"
"451",127.10935416,37.48699516,34654,FALSE,"1","11680","11680.1"
"452",127.10941588,37.48691175,34655,FALSE,"1","11680","11680.1"
"453",127.10946789,37.4868416,34656,FALSE,"1","11680","11680.1"
"454",127.1095594,37.48671763,34657,FALSE,"1","11680","11680.1"
"455",127.1097338,37.4864818,34658,FALSE,"1","11680","11680.1"
"456",127.1098149,37.4863722,34659,FALSE,"1","11680","11680.1"
"457",127.11003461,37.48607523,34660,FALSE,"1","11680","11680.1"
"458",127.11011183,37.48597098,34661,FALSE,"1","11680","11680.1"
"459",127.11033788,37.48566527,34662,FALSE,"1","11680","11680.1"
"460",127.11049533,37.48545086,34663,FALSE,"1","11680","11680.1"
"461",127.11055245,37.48537113,34664,FALSE,"1","11680","11680.1"
"462",127.1106258,37.48526886,34665,FALSE,"1","11680","11680.1"
"463",127.11071837,37.48513953,34666,FALSE,"1","11680","11680.1"
"464",127.11077496,37.48506092,34667,FALSE,"1","11680","11680.1"
"465",127.11086416,37.4849347,34668,FALSE,"1","11680","11680.1"
"466",127.11092763,37.48484398,34669,FALSE,"1","11680","11680.1"
"467",127.11098299,37.48476452,34670,FALSE,"1","11680","11680.1"
"468",127.1110424,37.48467887,34671,FALSE,"1","11680","11680.1"
"469",127.11108683,37.48461661,34672,FALSE,"1","11680","11680.1"
"470",127.11118468,37.48447912,34673,FALSE,"1","11680","11680.1"
"471",127.11125608,37.48437881,34674,FALSE,"1","11680","11680.1"
"472",127.11130932,37.48430528,34675,FALSE,"1","11680","11680.1"
"473",127.11137738,37.48421089,34676,FALSE,"1","11680","11680.1"
"474",127.11142358,37.48414665,34677,FALSE,"1","11680","11680.1"
"475",127.11146183,37.48409368,34678,FALSE,"1","11680","11680.1"
"476",127.11147822,37.48407086,34679,FALSE,"1","11680","11680.1"
"477",127.11151156,37.48402493,34680,FALSE,"1","11680","11680.1"
"478",127.1115341,37.48398887,34681,FALSE,"1","11680","11680.1"
"479",127.11159033,37.48389844,34682,FALSE,"1","11680","11680.1"
"480",127.11165519,37.4837942,34683,FALSE,"1","11680","11680.1"
"481",127.11165766,37.48378997,34684,FALSE,"1","11680","11680.1"
"482",127.11167017,37.48376969,34685,FALSE,"1","11680","11680.1"
"483",127.11170612,37.48371193,34686,FALSE,"1","11680","11680.1"
"484",127.11173679,37.48366263,34687,FALSE,"1","11680","11680.1"
"485",127.11176887,37.4836108,34688,FALSE,"1","11680","11680.1"
"486",127.11178701,37.4835815,34689,FALSE,"1","11680","11680.1"
"487",127.11180271,37.48355614,34690,FALSE,"1","11680","11680.1"
"488",127.11183915,37.48349671,34691,FALSE,"1","11680","11680.1"
"489",127.11184677,37.4834843,34692,FALSE,"1","11680","11680.1"
"490",127.11190792,37.48338457,34693,FALSE,"1","11680","11680.1"
"491",127.11193037,37.48334844,34694,FALSE,"1","11680","11680.1"
"492",127.11197965,37.48326794,34695,FALSE,"1","11680","11680.1"
"493",127.11200375,37.48322919,34696,FALSE,"1","11680","11680.1"
"494",127.11200997,37.4832192,34697,FALSE,"1","11680","11680.1"
"495",127.11204487,37.48316313,34698,FALSE,"1","11680","11680.1"
"496",127.11209773,37.48307834,34699,FALSE,"1","11680","11680.1"
"497",127.11213316,37.48302114,34700,FALSE,"1","11680","11680.1"
"498",127.11217229,37.48295832,34701,FALSE,"1","11680","11680.1"
"499",127.11219751,37.48291754,34702,FALSE,"1","11680","11680.1"
"500",127.11224966,37.48283323,34703,FALSE,"1","11680","11680.1"
"501",127.11227926,37.48278449,34704,FALSE,"1","11680","11680.1"
"502",127.11231892,37.48272139,34705,FALSE,"1","11680","11680.1"
"503",127.11234905,37.4826735,34706,FALSE,"1","11680","11680.1"
"504",127.1124014,37.48259038,34707,FALSE,"1","11680","11680.1"
"505",127.11246785,37.48248473,34708,FALSE,"1","11680","11680.1"
"506",127.1125066,37.4824233,34709,FALSE,"1","11680","11680.1"
"507",127.11251156,37.48241543,34710,FALSE,"1","11680","11680.1"
"508",127.11256496,37.48233035,34711,FALSE,"1","11680","11680.1"
"509",127.11259281,37.48228612,34712,FALSE,"1","11680","11680.1"
"510",127.11262436,37.48223596,34713,FALSE,"1","11680","11680.1"
"511",127.11263687,37.48221822,34714,FALSE,"1","11680","11680.1"
"512",127.11265139,37.48219747,34715,FALSE,"1","11680","11680.1"
"513",127.11266861,37.48217285,34716,FALSE,"1","11680","11680.1"
"514",127.1126892,37.48214342,34717,FALSE,"1","11680","11680.1"
"515",127.1127035,37.48212299,34718,FALSE,"1","11680","11680.1"
"516",127.1127186,37.48210135,34719,FALSE,"1","11680","11680.1"
"517",127.11273788,37.48207369,34720,FALSE,"1","11680","11680.1"
"518",127.11279676,37.48198944,34721,FALSE,"1","11680","11680.1"
"519",127.11284206,37.48192463,34722,FALSE,"1","11680","11680.1"
"520",127.11285775,37.48190238,34723,FALSE,"1","11680","11680.1"
"521",127.11286187,37.48189553,34724,FALSE,"1","11680","11680.1"
"522",127.11287097,37.4818804,34725,FALSE,"1","11680","11680.1"
"523",127.11289688,37.48183815,34726,FALSE,"1","11680","11680.1"
"524",127.11295362,37.48174546,34727,FALSE,"1","11680","11680.1"
"525",127.11296261,37.48173053,34728,FALSE,"1","11680","11680.1"
"526",127.11296623,37.48172474,34729,FALSE,"1","11680","11680.1"
"527",127.11297266,37.4817156,34730,FALSE,"1","11680","11680.1"
"528",127.11300016,37.48167868,34731,FALSE,"1","11680","11680.1"
"529",127.11303366,37.4816336,34732,FALSE,"1","11680","11680.1"
"530",127.11306466,37.48159197,34733,FALSE,"1","11680","11680.1"
"531",127.11308444,37.48156542,34734,FALSE,"1","11680","11680.1"
"532",127.11317593,37.48144228,34735,FALSE,"1","11680","11680.1"
"533",127.11332756,37.48123801,34736,FALSE,"1","11680","11680.1"
"534",127.11338521,37.48116052,34737,FALSE,"1","11680","11680.1"
"535",127.11339757,37.4811439,34738,FALSE,"1","11680","11680.1"
"536",127.11341518,37.48112023,34739,FALSE,"1","11680","11680.1"
"537",127.113473,37.48104218,34740,FALSE,"1","11680","11680.1"
"538",127.11353859,37.48095315,34741,FALSE,"1","11680","11680.1"
"539",127.11389983,37.48046345,34742,FALSE,"1","11680","11680.1"
"540",127.11393237,37.4804191,34743,FALSE,"1","11680","11680.1"
"541",127.11409833,37.48019296,34744,FALSE,"1","11680","11680.1"
"542",127.11424833,37.47998609,34745,FALSE,"1","11680","11680.1"
"543",127.11425647,37.47997488,34746,FALSE,"1","11680","11680.1"
"544",127.11429469,37.47992418,34747,FALSE,"1","11680","11680.1"
"545",127.11458209,37.47954293,34748,FALSE,"1","11680","11680.1"
"546",127.11476725,37.47928954,34749,FALSE,"1","11680","11680.1"
"547",127.11483472,37.47919721,34750,FALSE,"1","11680","11680.1"
"548",127.1150535,37.47890755,34751,FALSE,"1","11680","11680.1"
"549",127.11512764,37.47880899,34752,FALSE,"1","11680","11680.1"
"550",127.11521182,37.47869708,34753,FALSE,"1","11680","11680.1"
"551",127.11550216,37.47830233,34754,FALSE,"1","11680","11680.1"
"552",127.11581598,37.47789686,34755,FALSE,"1","11680","11680.1"
"553",127.11595138,37.47772131,34756,FALSE,"1","11680","11680.1"
"554",127.1159787,37.4776858,34757,FALSE,"1","11680","11680.1"
"555",127.11598857,37.47767115,34758,FALSE,"1","11680","11680.1"
"556",127.1160344,37.47760185,34759,FALSE,"1","11680","11680.1"
"557",127.11604286,37.47758945,34760,FALSE,"1","11680","11680.1"
"558",127.11613594,37.47746716,34761,FALSE,"1","11680","11680.1"
"559",127.11626886,37.47729049,34762,FALSE,"1","11680","11680.1"
"560",127.11630324,37.47724569,34763,FALSE,"1","11680","11680.1"
"561",127.1163831,37.477142,34764,FALSE,"1","11680","11680.1"
"562",127.11643318,37.47707719,34765,FALSE,"1","11680","11680.1"
"563",127.11655447,37.47691939,34766,FALSE,"1","11680","11680.1"
"564",127.11659501,37.47686811,34767,FALSE,"1","11680","11680.1"
"565",127.11660629,37.47685431,34768,FALSE,"1","11680","11680.1"
"566",127.11668263,37.47675399,34769,FALSE,"1","11680","11680.1"
"567",127.11672512,37.4766982,34770,FALSE,"1","11680","11680.1"
"568",127.11677747,37.4766286,34771,FALSE,"1","11680","11680.1"
"569",127.11688976,37.47647898,34772,FALSE,"1","11680","11680.1"
"570",127.11693084,37.47642432,34773,FALSE,"1","11680","11680.1"
"571",127.11693895,37.47641362,34774,FALSE,"1","11680","11680.1"
"572",127.11694918,37.47640037,34775,FALSE,"1","11680","11680.1"
"573",127.11696733,37.47637614,34776,FALSE,"1","11680","11680.1"
"574",127.11699942,37.47633472,34777,FALSE,"1","11680","11680.1"
"575",127.11731887,37.47592051,34778,FALSE,"1","11680","11680.1"
"576",127.11737933,37.47584189,34779,FALSE,"1","11680","11680.1"
"577",127.11743028,37.47577483,34780,FALSE,"1","11680","11680.1"
"578",127.11764674,37.47548433,34781,FALSE,"1","11680","11680.1"
"579",127.11774828,37.47534936,34782,FALSE,"1","11680","11680.1"
"580",127.11804672,37.47495178,34783,FALSE,"1","11680","11680.1"
"581",127.11911268,37.47344013,34784,FALSE,"1","11680","11680.1"
"582",127.11938481,37.47305525,34785,FALSE,"1","11680","11680.1"
"583",127.11953021,37.47284985,34786,FALSE,"1","11680","11680.1"
"584",127.11970946,37.47259598,34787,FALSE,"1","11680","11680.1"
"585",127.11971827,37.47258724,34788,FALSE,"1","11680","11680.1"
"586",127.11971689,37.47260357,34789,FALSE,"1","11680","11680.1"
"587",127.11970907,37.4726889,34790,FALSE,"1","11680","11680.1"
"588",127.11970248,37.47276267,34791,FALSE,"1","11680","11680.1"
"589",127.11972592,37.47273055,34792,FALSE,"1","11680","11680.1"
"590",127.11978073,37.47265504,34793,FALSE,"1","11680","11680.1"
"591",127.11987503,37.47252486,34794,FALSE,"1","11680","11680.1"
"592",127.12000246,37.4723496,34795,FALSE,"1","11680","11680.1"
"593",127.12016743,37.47212052,34796,FALSE,"1","11680","11680.1"
"594",127.12035108,37.47186552,34797,FALSE,"1","11680","11680.1"
"595",127.12038846,37.47181364,34798,FALSE,"1","11680","11680.1"
"596",127.12041118,37.47178212,34799,FALSE,"1","11680","11680.1"
"597",127.12054127,37.47160188,34800,FALSE,"1","11680","11680.1"
"598",127.12089339,37.47111405,34801,FALSE,"1","11680","11680.1"
"599",127.12108945,37.47084053,34802,FALSE,"1","11680","11680.1"
"600",127.12110506,37.47081875,34803,FALSE,"1","11680","11680.1"
"601",127.12121732,37.47066265,34804,FALSE,"1","11680","11680.1"
"602",127.1213488,37.47048035,34805,FALSE,"1","11680","11680.1"
"603",127.1215446,37.47020929,34806,FALSE,"1","11680","11680.1"
"604",127.12163448,37.47008503,34807,FALSE,"1","11680","11680.1"
"605",127.12170075,37.46999317,34808,FALSE,"1","11680","11680.1"
"606",127.12178728,37.46987314,34809,FALSE,"1","11680","11680.1"
"607",127.12181442,37.46983538,34810,FALSE,"1","11680","11680.1"
"608",127.12185373,37.469781,34811,FALSE,"1","11680","11680.1"
"609",127.12206486,37.46948852,34812,FALSE,"1","11680","11680.1"
"610",127.1223509,37.46909545,34813,FALSE,"1","11680","11680.1"
"611",127.1224718,37.46893005,34814,FALSE,"1","11680","11680.1"
"612",127.12260664,37.46874432,34815,FALSE,"1","11680","11680.1"
"613",127.12264732,37.46868828,34816,FALSE,"1","11680","11680.1"
"614",127.12272654,37.46857824,34817,FALSE,"1","11680","11680.1"
"615",127.12301425,37.46817856,34818,FALSE,"1","11680","11680.1"
"616",127.12310777,37.4680483,34819,FALSE,"1","11680","11680.1"
"617",127.12313989,37.46800358,34820,FALSE,"1","11680","11680.1"
"618",127.12319698,37.4679244,34821,FALSE,"1","11680","11680.1"
"619",127.1233489,37.4677142,34822,FALSE,"1","11680","11680.1"
"620",127.12340459,37.46763727,34823,FALSE,"1","11680","11680.1"
"621",127.12349447,37.46751357,34824,FALSE,"1","11680","11680.1"
"622",127.12355232,37.46743313,34825,FALSE,"1","11680","11680.1"
"623",127.12355931,37.4674234,34826,FALSE,"1","11680","11680.1"
"624",127.12369783,37.46723067,34827,FALSE,"1","11680","11680.1"
"625",127.12398067,37.46683451,34828,FALSE,"1","11680","11680.1"
"626",127.12401133,37.46679167,34829,FALSE,"1","11680","11680.1"
"627",127.12408146,37.4666939,34830,FALSE,"1","11680","11680.1"
"628",127.12418402,37.46654963,34831,FALSE,"1","11680","11680.1"
"629",127.12418716,37.46654533,34832,FALSE,"1","11680","11680.1"
"630",127.12420693,37.46652088,34833,FALSE,"1","11680","11680.1"
"631",127.12414332,37.46649561,34834,FALSE,"1","11680","11680.1"
"632",127.12391602,37.4663973,34835,FALSE,"1","11680","11680.1"
"633",127.12376702,37.46633382,34836,FALSE,"1","11680","11680.1"
"634",127.12361385,37.46619968,34837,FALSE,"1","11680","11680.1"
"635",127.12360748,37.46619405,34838,FALSE,"1","11680","11680.1"
"636",127.12342678,37.46607851,34839,FALSE,"1","11680","11680.1"
"637",127.12331578,37.46602203,34840,FALSE,"1","11680","11680.1"
"638",127.12320231,37.46597907,34841,FALSE,"1","11680","11680.1"
"639",127.12311619,37.46591524,34842,FALSE,"1","11680","11680.1"
"640",127.12308526,37.46589529,34843,FALSE,"1","11680","11680.1"
"641",127.12306033,37.46587701,34844,FALSE,"1","11680","11680.1"
"642",127.12303681,37.46586549,34845,FALSE,"1","11680","11680.1"
"643",127.12300288,37.46584975,34846,FALSE,"1","11680","11680.1"
"644",127.12293783,37.46581941,34847,FALSE,"1","11680","11680.1"
"645",127.12288792,37.46575724,34848,FALSE,"1","11680","11680.1"
"646",127.12285821,37.4657339,34849,FALSE,"1","11680","11680.1"
"647",127.12283116,37.46571422,34850,FALSE,"1","11680","11680.1"
"648",127.12282491,37.4656703,34851,FALSE,"1","11680","11680.1"
"649",127.12278541,37.46560249,34852,FALSE,"1","11680","11680.1"
"650",127.12273631,37.46560085,34853,FALSE,"1","11680","11680.1"
"651",127.12268915,37.4655992,34854,FALSE,"1","11680","11680.1"
"652",127.12259296,37.4655337,34855,FALSE,"1","11680","11680.1"
"653",127.1225217,37.46548478,34856,FALSE,"1","11680","11680.1"
"654",127.12250844,37.46547522,34857,FALSE,"1","11680","11680.1"
"655",127.12243577,37.46542377,34858,FALSE,"1","11680","11680.1"
"656",127.12239898,37.46539453,34859,FALSE,"1","11680","11680.1"
"657",127.12231869,37.46533069,34860,FALSE,"1","11680","11680.1"
"658",127.12229925,37.4653141,34861,FALSE,"1","11680","11680.1"
"659",127.12223487,37.46526461,34862,FALSE,"1","11680","11680.1"
"660",127.12218005,37.46522271,34863,FALSE,"1","11680","11680.1"
"661",127.12215107,37.46521233,34864,FALSE,"1","11680","11680.1"
"662",127.12202562,37.46518205,34865,FALSE,"1","11680","11680.1"
"663",127.12195777,37.46516438,34866,FALSE,"1","11680","11680.1"
"664",127.12185935,37.46513885,34867,FALSE,"1","11680","11680.1"
"665",127.12185953,37.46513407,34868,FALSE,"1","11680","11680.1"
"666",127.12166414,37.46477696,34869,FALSE,"1","11680","11680.1"
"667",127.12143937,37.4643723,34870,FALSE,"1","11680","11680.1"
"668",127.12135449,37.46431101,34871,FALSE,"1","11680","11680.1"
"669",127.12109315,37.46412572,34872,FALSE,"1","11680","11680.1"
"670",127.12074573,37.46389181,34873,FALSE,"1","11680","11680.1"
"671",127.12010435,37.46349319,34874,FALSE,"1","11680","11680.1"
"672",127.11920427,37.46312666,34875,FALSE,"1","11680","11680.1"
"673",127.11832635,37.46269505,34876,FALSE,"1","11680","11680.1"
"674",127.11747485,37.46220061,34877,FALSE,"1","11680","11680.1"
"675",127.11747077,37.46219498,34878,FALSE,"1","11680","11680.1"
"676",127.11711994,37.46167754,34879,FALSE,"1","11680","11680.1"
"677",127.11698929,37.46148451,34880,FALSE,"1","11680","11680.1"
"678",127.11693966,37.46090031,34881,FALSE,"1","11680","11680.1"
"679",127.11690774,37.46047321,34882,FALSE,"1","11680","11680.1"
"680",127.11689968,37.46040114,34883,FALSE,"1","11680","11680.1"
"681",127.11690197,37.46028373,34884,FALSE,"1","11680","11680.1"
"682",127.11690643,37.46007705,34885,FALSE,"1","11680","11680.1"
"683",127.11690524,37.45977128,34886,FALSE,"1","11680","11680.1"
"684",127.1169068,37.45928754,34887,FALSE,"1","11680","11680.1"
"685",127.11689609,37.45864052,34888,FALSE,"1","11680","11680.1"
"686",127.11669703,37.45862326,34889,FALSE,"1","11680","11680.1"
"687",127.11623941,37.45859611,34890,FALSE,"1","11680","11680.1"
"688",127.11589291,37.45859194,34891,FALSE,"1","11680","11680.1"
"689",127.11582619,37.45861059,34892,FALSE,"1","11680","11680.1"
"690",127.11572979,37.45863659,34893,FALSE,"1","11680","11680.1"
"691",127.1156869,37.45864733,34894,FALSE,"1","11680","11680.1"
"692",127.1155771,37.45867757,34895,FALSE,"1","11680","11680.1"
"693",127.11549607,37.45869792,34896,FALSE,"1","11680","11680.1"
"694",127.11547665,37.4587044,34897,FALSE,"1","11680","11680.1"
"695",127.11547867,37.45875734,34898,FALSE,"1","11680","11680.1"
"696",127.11536583,37.45888133,34899,FALSE,"1","11680","11680.1"
"697",127.11528525,37.45896588,34900,FALSE,"1","11680","11680.1"
"698",127.11514853,37.45906006,34901,FALSE,"1","11680","11680.1"
"699",127.11499269,37.45913032,34902,FALSE,"1","11680","11680.1"
"700",127.11478511,37.4592026,34903,FALSE,"1","11680","11680.1"
"701",127.11459249,37.45923854,34904,FALSE,"1","11680","11680.1"
"702",127.1145106,37.45927409,34905,FALSE,"1","11680","11680.1"
"703",127.11436187,37.4593787,34906,FALSE,"1","11680","11680.1"
"704",127.11418485,37.45945207,34907,FALSE,"1","11680","11680.1"
"705",127.11407311,37.45948259,34908,FALSE,"1","11680","11680.1"
"706",127.11395536,37.45951677,34909,FALSE,"1","11680","11680.1"
"707",127.11383651,37.45963345,34910,FALSE,"1","11680","11680.1"
"708",127.11373774,37.45972083,34911,FALSE,"1","11680","11680.1"
"709",127.11363426,37.45973247,34912,FALSE,"1","11680","11680.1"
"710",127.11353635,37.45980155,34913,FALSE,"1","11680","11680.1"
"711",127.11341975,37.45990077,34914,FALSE,"1","11680","11680.1"
"712",127.11327111,37.46005492,34915,FALSE,"1","11680","11680.1"
"713",127.11324096,37.46020896,34916,FALSE,"1","11680","11680.1"
"714",127.11323648,37.46027964,34917,FALSE,"1","11680","11680.1"
"715",127.11323341,37.46035341,34918,FALSE,"1","11680","11680.1"
"716",127.11308919,37.46040198,34919,FALSE,"1","11680","11680.1"
"717",127.1128426,37.46048753,34920,FALSE,"1","11680","11680.1"
"718",127.11276301,37.4605304,34921,FALSE,"1","11680","11680.1"
"719",127.1129087,37.46064233,34922,FALSE,"1","11680","11680.1"
"720",127.11318491,37.46075863,34923,FALSE,"1","11680","11680.1"
"721",127.11329188,37.46083681,34924,FALSE,"1","11680","11680.1"
"722",127.1133349,37.46090575,34925,FALSE,"1","11680","11680.1"
"723",127.11333393,37.46108764,34926,FALSE,"1","11680","11680.1"
"724",127.11312115,37.46111374,34927,FALSE,"1","11680","11680.1"
"725",127.11297496,37.46113472,34928,FALSE,"1","11680","11680.1"
"726",127.11292253,37.46115476,34929,FALSE,"1","11680","11680.1"
"727",127.11278327,37.46120979,34930,FALSE,"1","11680","11680.1"
"728",127.11270296,37.46124507,34931,FALSE,"1","11680","11680.1"
"729",127.11252173,37.46134463,34932,FALSE,"1","11680","11680.1"
"730",127.11230521,37.46146394,34933,FALSE,"1","11680","11680.1"
"731",127.11222985,37.46150539,34934,FALSE,"1","11680","11680.1"
"732",127.11182032,37.46164459,34935,FALSE,"1","11680","11680.1"
"733",127.11174934,37.4616531,34936,FALSE,"1","11680","11680.1"
"734",127.11134729,37.46171767,34937,FALSE,"1","11680","11680.1"
"735",127.11106513,37.4617627,34938,FALSE,"1","11680","11680.1"
"736",127.11063777,37.46179351,34939,FALSE,"1","11680","11680.1"
"737",127.1098911,37.46194145,34940,FALSE,"1","11680","11680.1"
"738",127.10945918,37.46187089,34941,FALSE,"1","11680","11680.1"
"739",127.1090892,37.46200807,34942,FALSE,"1","11680","11680.1"
"740",127.10868621,37.46215682,34943,FALSE,"1","11680","11680.1"
"741",127.10815355,37.46227443,34944,FALSE,"1","11680","11680.1"
"742",127.10751445,37.46218941,34945,FALSE,"1","11680","11680.1"
"743",127.10730179,37.46218087,34946,FALSE,"1","11680","11680.1"
"744",127.10688013,37.4623699,34947,FALSE,"1","11680","11680.1"
"745",127.10667214,37.46241091,34948,FALSE,"1","11680","11680.1"
"746",127.10646729,37.46242433,34949,FALSE,"1","11680","11680.1"
"747",127.10616737,37.46240685,34950,FALSE,"1","11680","11680.1"
"748",127.10592552,37.4623547,34951,FALSE,"1","11680","11680.1"
"749",127.10565619,37.46223611,34952,FALSE,"1","11680","11680.1"
"750",127.10560825,37.46217844,34953,FALSE,"1","11680","11680.1"
"751",127.10527091,37.46217056,34954,FALSE,"1","11680","11680.1"
"752",127.10512852,37.4621462,34955,FALSE,"1","11680","11680.1"
"753",127.1050305,37.46214178,34956,FALSE,"1","11680","11680.1"
"754",127.10486699,37.46216107,34957,FALSE,"1","11680","11680.1"
"755",127.1047052,37.46215473,34958,FALSE,"1","11680","11680.1"
"756",127.10434123,37.46217475,34959,FALSE,"1","11680","11680.1"
"757",127.104471,37.46175596,34960,FALSE,"1","11680","11680.1"
"758",127.10455063,37.46161229,34961,FALSE,"1","11680","11680.1"
"759",127.10461185,37.4614447,34962,FALSE,"1","11680","11680.1"
"760",127.10474972,37.46126355,34963,FALSE,"1","11680","11680.1"
"761",127.10478031,37.46116018,34964,FALSE,"1","11680","11680.1"
"762",127.10462534,37.46109978,34965,FALSE,"1","11680","11680.1"
"763",127.10452073,37.46105651,34966,FALSE,"1","11680","11680.1"
"764",127.1044723,37.46102953,34967,FALSE,"1","11680","11680.1"
"765",127.10442702,37.46098507,34968,FALSE,"1","11680","11680.1"
"766",127.10440826,37.46095638,34969,FALSE,"1","11680","11680.1"
"767",127.1042991,37.46081709,34970,FALSE,"1","11680","11680.1"
"768",127.10425882,37.46080531,34971,FALSE,"1","11680","11680.1"
"769",127.10424928,37.46080193,34972,FALSE,"1","11680","11680.1"
"770",127.10417077,37.46072683,34973,FALSE,"1","11680","11680.1"
"771",127.10404624,37.46058558,34974,FALSE,"1","11680","11680.1"
"772",127.10402342,37.46055745,34975,FALSE,"1","11680","11680.1"
"773",127.10398001,37.46045387,34976,FALSE,"1","11680","11680.1"
"774",127.10398594,37.46026888,34977,FALSE,"1","11680","11680.1"
"775",127.10397428,37.46026889,34978,FALSE,"1","11680","11680.1"
"776",127.10397458,37.46023144,34979,FALSE,"1","11680","11680.1"
"777",127.1039694,37.46018358,34980,FALSE,"1","11680","11680.1"
"778",127.10394166,37.46005099,34981,FALSE,"1","11680","11680.1"
"779",127.10388968,37.46000289,34982,FALSE,"1","11680","11680.1"
"780",127.10381099,37.45992806,34983,FALSE,"1","11680","11680.1"
"781",127.10374914,37.45990446,34984,FALSE,"1","11680","11680.1"
"782",127.1036403,37.45986317,34985,FALSE,"1","11680","11680.1"
"783",127.10354612,37.45982889,34986,FALSE,"1","11680","11680.1"
"784",127.10344288,37.45975183,34987,FALSE,"1","11680","11680.1"
"785",127.1032458,37.45976383,34988,FALSE,"1","11680","11680.1"
"786",127.1031589,37.4597594,34989,FALSE,"1","11680","11680.1"
"787",127.10306512,37.45975442,34990,FALSE,"1","11680","11680.1"
"788",127.10294587,37.45972495,34991,FALSE,"1","11680","11680.1"
"789",127.10280033,37.45971719,34992,FALSE,"1","11680","11680.1"
"790",127.1026919,37.45972433,34993,FALSE,"1","11680","11680.1"
"791",127.10267078,37.45977812,34994,FALSE,"1","11680","11680.1"
"792",127.10263417,37.4598674,34995,FALSE,"1","11680","11680.1"
"793",127.10255071,37.45978836,34996,FALSE,"1","11680","11680.1"
"794",127.10244725,37.4596899,34997,FALSE,"1","11680","11680.1"
"795",127.10238148,37.45962774,34998,FALSE,"1","11680","11680.1"
"796",127.10228758,37.45953855,34999,FALSE,"1","11680","11680.1"
"797",127.10225895,37.45952085,35000,FALSE,"1","11680","11680.1"
"798",127.10213275,37.4594393,35001,FALSE,"1","11680","11680.1"
"799",127.10209882,37.45942356,35002,FALSE,"1","11680","11680.1"
"800",127.10195372,37.45934963,35003,FALSE,"1","11680","11680.1"
"801",127.10185265,37.45917796,35004,FALSE,"1","11680","11680.1"
"802",127.10162572,37.45905117,35005,FALSE,"1","11680","11680.1"
"803",127.10138119,37.45897282,35006,FALSE,"1","11680","11680.1"
"804",127.10132027,37.45884532,35007,FALSE,"1","11680","11680.1"
"805",127.1012266,37.45866154,35008,FALSE,"1","11680","11680.1"
"806",127.10116481,37.45854052,35009,FALSE,"1","11680","11680.1"
"807",127.1012778,37.45824168,35010,FALSE,"1","11680","11680.1"
"808",127.10105953,37.45798987,35011,FALSE,"1","11680","11680.1"
"809",127.10076589,37.4577598,35012,FALSE,"1","11680","11680.1"
"810",127.10024923,37.45754765,35013,FALSE,"1","11680","11680.1"
"811",127.09973877,37.45735464,35014,FALSE,"1","11680","11680.1"
"812",127.09950633,37.45691278,35015,FALSE,"1","11680","11680.1"
"813",127.09930611,37.45667756,35016,FALSE,"1","11680","11680.1"
"814",127.09913582,37.45637023,35017,FALSE,"1","11680","11680.1"
"815",127.0990957,37.45621878,35018,FALSE,"1","11680","11680.1"
"816",127.09889319,37.45611617,35019,FALSE,"1","11680","11680.1"
"817",127.09868539,37.45614816,35020,FALSE,"1","11680","11680.1"
"818",127.09847201,37.45625477,35021,FALSE,"1","11680","11680.1"
"819",127.09823746,37.45637125,35022,FALSE,"1","11680","11680.1"
"820",127.0972305,37.45636756,35023,FALSE,"1","11680","11680.1"
"821",127.09636532,37.45634686,35024,FALSE,"1","11680","11680.1"
"822",127.09607633,37.45642959,35025,FALSE,"1","11680","11680.1"
"823",127.09576934,37.45651965,35026,FALSE,"1","11680","11680.1"
"824",127.09545844,37.45645345,35027,FALSE,"1","11680","11680.1"
"825",127.09523038,37.45639619,35028,FALSE,"1","11680","11680.1"
"826",127.09522278,37.45639423,35029,FALSE,"1","11680","11680.1"
"827",127.09526775,37.45662452,35030,FALSE,"1","11680","11680.1"
"828",127.09544789,37.45748173,35031,FALSE,"1","11680","11680.1"
"829",127.09543969,37.4575586,35032,FALSE,"1","11680","11680.1"
"830",127.09542511,37.45761606,35033,FALSE,"1","11680","11680.1"
"831",127.09540594,37.4576904,35034,FALSE,"1","11680","11680.1"
"832",127.09537361,37.45781544,35035,FALSE,"1","11680","11680.1"
"833",127.09535427,37.45788163,35036,FALSE,"1","11680","11680.1"
"834",127.09529343,37.45795629,35037,FALSE,"1","11680","11680.1"
"835",127.0948962,37.45848031,35038,FALSE,"1","11680","11680.1"
"836",127.09514406,37.45940365,35039,FALSE,"1","11680","11680.1"
"837",127.09517415,37.45946163,35040,FALSE,"1","11680","11680.1"
"838",127.0950601,37.45976947,35041,FALSE,"1","11680","11680.1"
"839",127.09527114,37.46004861,35042,FALSE,"1","11680","11680.1"
"840",127.09560659,37.46024994,35043,FALSE,"1","11680","11680.1"
"841",127.09575295,37.46063923,35044,FALSE,"1","11680","11680.1"
"842",127.0956859,37.4609566,35045,FALSE,"1","11680","11680.1"
"843",127.09567658,37.4610042,35046,FALSE,"1","11680","11680.1"
"844",127.09533341,37.46097885,35047,FALSE,"1","11680","11680.1"
"845",127.09514478,37.46096914,35048,FALSE,"1","11680","11680.1"
"846",127.0946386,37.46095012,35049,FALSE,"1","11680","11680.1"
"847",127.09452118,37.46097836,35050,FALSE,"1","11680","11680.1"
"848",127.0943598,37.46100693,35051,FALSE,"1","11680","11680.1"
"849",127.09413756,37.46110058,35052,FALSE,"1","11680","11680.1"
"850",127.09390628,37.46116243,35053,FALSE,"1","11680","11680.1"
"851",127.09387203,37.46117202,35054,FALSE,"1","11680","11680.1"
"852",127.09360928,37.46120771,35055,FALSE,"1","11680","11680.1"
"853",127.09334441,37.46124565,35056,FALSE,"1","11680","11680.1"
"854",127.09319432,37.46127223,35057,FALSE,"1","11680","11680.1"
"855",127.09223032,37.46209767,35058,FALSE,"1","11680","11680.1"
"856",127.09202443,37.46227409,35059,FALSE,"1","11680","11680.1"
"857",127.09202292,37.46351269,35060,FALSE,"1","11680","11680.1"
"858",127.09203196,37.46369175,35061,FALSE,"1","11680","11680.1"
"859",127.09205502,37.46391643,35062,FALSE,"1","11680","11680.1"
"860",127.09204101,37.46416056,35063,FALSE,"1","11680","11680.1"
"861",127.09203973,37.46427318,35064,FALSE,"1","11680","11680.1"
"862",127.09204178,37.46451167,35065,FALSE,"1","11680","11680.1"
"863",127.09202782,37.46478902,35066,FALSE,"1","11680","11680.1"
"864",127.09200555,37.46491996,35067,FALSE,"1","11680","11680.1"
"865",127.09195787,37.46508133,35068,FALSE,"1","11680","11680.1"
"866",127.09193427,37.46513597,35069,FALSE,"1","11680","11680.1"
"867",127.09176963,37.46539627,35070,FALSE,"1","11680","11680.1"
"868",127.09161747,37.46562642,35071,FALSE,"1","11680","11680.1"
"869",127.09129921,37.46592456,35072,FALSE,"1","11680","11680.1"
"870",127.09111733,37.46610855,35073,FALSE,"1","11680","11680.1"
"871",127.09091405,37.46640519,35074,FALSE,"1","11680","11680.1"
"872",127.09043683,37.46702499,35075,FALSE,"1","11680","11680.1"
"873",127.09016646,37.46704575,35076,FALSE,"1","11680","11680.1"
"874",127.08970899,37.46733892,35077,FALSE,"1","11680","11680.1"
"875",127.0894604,37.46757393,35078,FALSE,"1","11680","11680.1"
"876",127.08903834,37.46824042,35079,FALSE,"1","11680","11680.1"
"877",127.08898504,37.46812164,35080,FALSE,"1","11680","11680.1"
"878",127.08844594,37.46809585,35081,FALSE,"1","11680","11680.1"
"879",127.08816482,37.46831567,35082,FALSE,"1","11680","11680.1"
"880",127.08780829,37.46913669,35083,FALSE,"1","11680","11680.1"
"881",127.08759495,37.4693179,35084,FALSE,"1","11680","11680.1"
"882",127.08757686,37.46941252,35085,FALSE,"1","11680","11680.1"
"883",127.08756769,37.46942632,35086,FALSE,"1","11680","11680.1"
"884",127.08756756,37.46961835,35087,FALSE,"1","11680","11680.1"
"885",127.08756121,37.46962821,35088,FALSE,"1","11680","11680.1"
"886",127.08753205,37.46976226,35089,FALSE,"1","11680","11680.1"
"887",127.08718546,37.46988413,35090,FALSE,"1","11680","11680.1"
"888",127.08713257,37.46997034,35091,FALSE,"1","11680","11680.1"
"889",127.08681754,37.47050919,35092,FALSE,"1","11680","11680.1"
"890",127.08671191,37.47066075,35093,FALSE,"1","11680","11680.1"
"891",127.08658891,37.47075911,35094,FALSE,"1","11680","11680.1"
"892",127.08589601,37.47110001,35095,FALSE,"1","11680","11680.1"
"893",127.08502762,37.47120003,35096,FALSE,"1","11680","11680.1"
"894",127.0846148,37.47197404,35097,FALSE,"1","11680","11680.1"
"895",127.08417255,37.47281876,35098,FALSE,"1","11680","11680.1"
"896",127.08417303,37.47292886,35099,FALSE,"1","11680","11680.1"
"897",127.08416392,37.47299334,35100,FALSE,"1","11680","11680.1"
"898",127.08429441,37.47343699,35101,FALSE,"1","11680","11680.1"
"899",127.08448055,37.47403998,35102,FALSE,"1","11680","11680.1"
"900",127.08449431,37.47419285,35103,FALSE,"1","11680","11680.1"
"901",127.08450041,37.47428098,35104,FALSE,"1","11680","11680.1"
"902",127.08446466,37.4745254,35105,FALSE,"1","11680","11680.1"
"903",127.08445202,37.47460453,35106,FALSE,"1","11680","11680.1"
"904",127.08444873,37.4746645,35107,FALSE,"1","11680","11680.1"
"905",127.08447896,37.47499672,35108,FALSE,"1","11680","11680.1"
"906",127.08450593,37.47510595,35109,FALSE,"1","11680","11680.1"
"907",127.08488209,37.47551226,35110,FALSE,"1","11680","11680.1"
"908",127.08450471,37.47561389,35111,FALSE,"1","11680","11680.1"
"909",127.08391681,37.47541862,35112,FALSE,"1","11680","11680.1"
"910",127.08345659,37.47549127,35113,FALSE,"1","11680","11680.1"
"911",127.08323243,37.47552665,35114,FALSE,"1","11680","11680.1"
"912",127.08311729,37.47547343,35115,FALSE,"1","11680","11680.1"
"913",127.08275014,37.47530371,35116,FALSE,"1","11680","11680.1"
"914",127.08187591,37.47529388,35117,FALSE,"1","11680","11680.1"
"915",127.0789908,37.47476704,35118,FALSE,"1","11680","11680.1"
"916",127.07851548,37.47496106,35119,FALSE,"1","11680","11680.1"
"917",127.07793462,37.47473619,35120,FALSE,"1","11680","11680.1"
"918",127.07691107,37.47515779,35121,FALSE,"1","11680","11680.1"
"919",127.07675202,37.47492391,35122,FALSE,"1","11680","11680.1"
"920",127.07671044,37.47486102,35123,FALSE,"1","11680","11680.1"
"921",127.07669116,37.47483187,35124,FALSE,"1","11680","11680.1"
"922",127.07668609,37.4748226,35125,FALSE,"1","11680","11680.1"
"923",127.07667789,37.47480991,35126,FALSE,"1","11680","11680.1"
"924",127.07650042,37.47449947,35127,FALSE,"1","11680","11680.1"
"925",127.07646611,37.47445867,35128,FALSE,"1","11680","11680.1"
"926",127.07646108,37.47445339,35129,FALSE,"1","11680","11680.1"
"927",127.07644094,37.47443664,35130,FALSE,"1","11680","11680.1"
"928",127.07643452,37.47443102,35131,FALSE,"1","11680","11680.1"
"929",127.07641808,37.47441659,35132,FALSE,"1","11680","11680.1"
"930",127.07635798,37.47436707,35133,FALSE,"1","11680","11680.1"
"931",127.07635031,37.47436075,35134,FALSE,"1","11680","11680.1"
"932",127.07628047,37.47430195,35135,FALSE,"1","11680","11680.1"
"933",127.07620834,37.47423808,35136,FALSE,"1","11680","11680.1"
"934",127.07612085,37.47415983,35137,FALSE,"1","11680","11680.1"
"935",127.07602147,37.47407095,35138,FALSE,"1","11680","11680.1"
"936",127.07596681,37.47402101,35139,FALSE,"1","11680","11680.1"
"937",127.07595186,37.47400752,35140,FALSE,"1","11680","11680.1"
"938",127.075939,37.47399635,35141,FALSE,"1","11680","11680.1"
"939",127.07593388,37.47399186,35142,FALSE,"1","11680","11680.1"
"940",127.07588952,37.47395287,35143,FALSE,"1","11680","11680.1"
"941",127.07576634,37.47384277,35144,FALSE,"1","11680","11680.1"
"942",127.07561996,37.47371193,35145,FALSE,"1","11680","11680.1"
"943",127.07552566,37.47362797,35146,FALSE,"1","11680","11680.1"
"944",127.07545024,37.47356083,35147,FALSE,"1","11680","11680.1"
"945",127.07542347,37.4735364,35148,FALSE,"1","11680","11680.1"
"946",127.07537192,37.47348937,35149,FALSE,"1","11680","11680.1"
"947",127.07528549,37.4734379,35150,FALSE,"1","11680","11680.1"
"948",127.07513109,37.47336363,35151,FALSE,"1","11680","11680.1"
"949",127.07480959,37.473209,35152,FALSE,"1","11680","11680.1"
"950",127.07422997,37.47295257,35153,FALSE,"1","11680","11680.1"
"951",127.07384506,37.47293535,35154,FALSE,"1","11680","11680.1"
"952",127.07360821,37.47271615,35155,FALSE,"1","11680","11680.1"
"953",127.07353283,37.47264637,35156,FALSE,"1","11680","11680.1"
"954",127.07311012,37.4722561,35157,FALSE,"1","11680","11680.1"
"955",127.07287982,37.47209495,35158,FALSE,"1","11680","11680.1"
"956",127.07273253,37.47199188,35159,FALSE,"1","11680","11680.1"
"957",127.07268396,37.4719579,35160,FALSE,"1","11680","11680.1"
"958",127.07242399,37.47193263,35161,FALSE,"1","11680","11680.1"
"959",127.07191837,37.47188347,35162,FALSE,"1","11680","11680.1"
"960",127.0718084,37.47178525,35163,FALSE,"1","11680","11680.1"
"961",127.07174919,37.47173237,35164,FALSE,"1","11680","11680.1"
"962",127.07167697,37.47169656,35165,FALSE,"1","11680","11680.1"
"963",127.07136005,37.47153944,35166,FALSE,"1","11680","11680.1"
"964",127.07109563,37.47146276,35167,FALSE,"1","11680","11680.1"
"965",127.07074768,37.47136187,35168,FALSE,"1","11680","11680.1"
"966",127.07042256,37.47105064,35169,FALSE,"1","11680","11680.1"
"967",127.07029801,37.47101929,35170,FALSE,"1","11680","11680.1"
"968",127.06993706,37.47092844,35171,FALSE,"1","11680","11680.1"
"969",127.06972871,37.47100705,35172,FALSE,"1","11680","11680.1"
"970",127.06961941,37.47104829,35173,FALSE,"1","11680","11680.1"
"971",127.06933083,37.4710371,35174,FALSE,"1","11680","11680.1"
"972",127.06857424,37.47100777,35175,FALSE,"1","11680","11680.1"
"973",127.06827286,37.47076214,35176,FALSE,"1","11680","11680.1"
"974",127.06808501,37.47060688,35177,FALSE,"1","11680","11680.1"
"975",127.06786843,37.47042787,35178,FALSE,"1","11680","11680.1"
"976",127.06720097,37.47026523,35179,FALSE,"1","11680","11680.1"
"977",127.06645353,37.47013555,35180,FALSE,"1","11680","11680.1"
"978",127.06626672,37.46991801,35181,FALSE,"1","11680","11680.1"
"979",127.06625197,37.46990083,35182,FALSE,"1","11680","11680.1"
"980",127.06608196,37.46984832,35183,FALSE,"1","11680","11680.1"
"981",127.06591718,37.46979741,35184,FALSE,"1","11680","11680.1"
"982",127.06587369,37.46975774,35185,FALSE,"1","11680","11680.1"
"983",127.06568879,37.46959002,35186,FALSE,"1","11680","11680.1"
"984",127.0656195,37.46953825,35187,FALSE,"1","11680","11680.1"
"985",127.06509898,37.46933552,35188,FALSE,"1","11680","11680.1"
"986",127.0648658,37.46930407,35189,FALSE,"1","11680","11680.1"
"987",127.06445033,37.46924802,35190,FALSE,"1","11680","11680.1"
"988",127.06431552,37.46922876,35191,FALSE,"1","11680","11680.1"
"989",127.06415585,37.46920595,35192,FALSE,"1","11680","11680.1"
"990",127.06387805,37.46903096,35193,FALSE,"1","11680","11680.1"
"991",127.06384379,37.4690154,35194,FALSE,"1","11680","11680.1"
"992",127.06381303,37.46900143,35195,FALSE,"1","11680","11680.1"
"993",127.06323548,37.46903975,35196,FALSE,"1","11680","11680.1"
"994",127.06297082,37.46916123,35197,FALSE,"1","11680","11680.1"
"995",127.06271725,37.46928391,35198,FALSE,"1","11680","11680.1"
"996",127.0625997,37.46934078,35199,FALSE,"1","11680","11680.1"
"997",127.06249451,37.46933452,35200,FALSE,"1","11680","11680.1"
"998",127.06240257,37.46932906,35201,FALSE,"1","11680","11680.1"
"999",127.06237162,37.46930422,35202,FALSE,"1","11680","11680.1"
"1000",127.0623605,37.46929529,35203,FALSE,"1","11680","11680.1"
"1001",127.06223651,37.46917719,35204,FALSE,"1","11680","11680.1"
"1002",127.06217348,37.46911716,35205,FALSE,"1","11680","11680.1"
"1003",127.06213547,37.46908226,35206,FALSE,"1","11680","11680.1"
"1004",127.06196365,37.46906049,35207,FALSE,"1","11680","11680.1"
"1005",127.06185885,37.46904721,35208,FALSE,"1","11680","11680.1"
"1006",127.06177584,37.46901994,35209,FALSE,"1","11680","11680.1"
"1007",127.06169966,37.46899492,35210,FALSE,"1","11680","11680.1"
"1008",127.06161221,37.46896512,35211,FALSE,"1","11680","11680.1"
"1009",127.06146422,37.46899785,35212,FALSE,"1","11680","11680.1"
"1010",127.06144913,37.46899768,35213,FALSE,"1","11680","11680.1"
"1011",127.06104085,37.46899305,35214,FALSE,"1","11680","11680.1"
"1012",127.06091882,37.46891798,35215,FALSE,"1","11680","11680.1"
"1013",127.06081341,37.46895567,35216,FALSE,"1","11680","11680.1"
"1014",127.06078594,37.46895653,35217,FALSE,"1","11680","11680.1"
"1015",127.06058465,37.46903744,35218,FALSE,"1","11680","11680.1"
"1016",127.0604169,37.46910481,35219,FALSE,"1","11680","11680.1"
"1017",127.06034626,37.46912511,35220,FALSE,"1","11680","11680.1"
"1018",127.06002761,37.46909121,35221,FALSE,"1","11680","11680.1"
"1019",127.05972896,37.46913021,35222,FALSE,"1","11680","11680.1"
"1020",127.05910584,37.46919274,35223,FALSE,"1","11680","11680.1"
"1021",127.05908678,37.46919472,35224,FALSE,"1","11680","11680.1"
"1022",127.05870858,37.46890546,35225,FALSE,"1","11680","11680.1"
"1023",127.05787409,37.46890318,35226,FALSE,"1","11680","11680.1"
"1024",127.05783003,37.46890307,35227,FALSE,"1","11680","11680.1"
"1025",127.05771601,37.46892205,35228,FALSE,"1","11680","11680.1"
"1026",127.05719725,37.46900839,35229,FALSE,"1","11680","11680.1"
"1027",127.05675417,37.46864031,35230,FALSE,"1","11680","11680.1"
"1028",127.05653203,37.46847852,35231,FALSE,"1","11680","11680.1"
"1029",127.05608444,37.46843818,35232,FALSE,"1","11680","11680.1"
"1030",127.05602026,37.46846369,35233,FALSE,"1","11680","11680.1"
"1031",127.05599367,37.46847426,35234,FALSE,"1","11680","11680.1"
"1032",127.05583776,37.46856231,35235,FALSE,"1","11680","11680.1"
"1033",127.05538738,37.46881664,35236,FALSE,"1","11680","11680.1"
"1034",127.0550444,37.46885312,35237,FALSE,"1","11680","11680.1"
"1035",127.05491495,37.46862595,35238,FALSE,"1","11680","11680.1"
"1036",127.05421019,37.46811382,35239,FALSE,"1","11680","11680.1"
"1037",127.05405185,37.46810258,35240,FALSE,"1","11680","11680.1"
"1038",127.0535955,37.46807018,35241,FALSE,"1","11680","11680.1"
"1039",127.0534479,37.46811518,35242,FALSE,"1","11680","11680.1"
"1040",127.0533172,37.46815505,35243,FALSE,"1","11680","11680.1"
"1041",127.05328067,37.46815701,35244,FALSE,"1","11680","11680.1"
"1042",127.05324319,37.46815903,35245,FALSE,"1","11680","11680.1"
"1043",127.05311383,37.46809125,35246,FALSE,"1","11680","11680.1"
"1044",127.05305202,37.46805887,35247,FALSE,"1","11680","11680.1"
"1045",127.05283334,37.46800907,35248,FALSE,"1","11680","11680.1"
"1046",127.05241394,37.46791358,35249,FALSE,"1","11680","11680.1"
"1047",127.0523653,37.46789888,35250,FALSE,"1","11680","11680.1"
"1048",127.05234504,37.46789277,35251,FALSE,"1","11680","11680.1"
"1049",127.05225551,37.46786599,35252,FALSE,"1","11680","11680.1"
"1050",127.05207334,37.46781151,35253,FALSE,"1","11680","11680.1"
"1051",127.0519488,37.46776793,35254,FALSE,"1","11680","11680.1"
"1052",127.05182875,37.46770919,35255,FALSE,"1","11680","11680.1"
"1053",127.05161875,37.46760645,35256,FALSE,"1","11680","11680.1"
"1054",127.05128535,37.46743625,35257,FALSE,"1","11680","11680.1"
"1055",127.05124541,37.46742231,35258,FALSE,"1","11680","11680.1"
"1056",127.0511645,37.46739407,35259,FALSE,"1","11680","11680.1"
"1057",127.05080216,37.46726751,35260,FALSE,"1","11680","11680.1"
"1058",127.05078287,37.46727929,35261,FALSE,"1","11680","11680.1"
"1059",127.05075556,37.46729596,35262,FALSE,"1","11680","11680.1"
"1060",127.0507577,37.4673312,35263,FALSE,"1","11680","11680.1"
"1061",127.05076198,37.46740155,35264,FALSE,"1","11680","11680.1"
"1062",127.05091787,37.4675631,35265,FALSE,"1","11680","11680.1"
"1063",127.05101201,37.46809409,35266,FALSE,"1","11680","11680.1"
"1064",127.05109605,37.46858961,35267,FALSE,"1","11680","11680.1"
"1065",127.05106613,37.46896379,35268,FALSE,"1","11680","11680.1"
"1066",127.05103475,37.46935605,35269,FALSE,"1","11680","11680.1"
"1067",127.05064439,37.46961356,35270,FALSE,"1","11680","11680.1"
"1068",127.05043588,37.46975021,35271,FALSE,"1","11680","11680.1"
"1069",127.05028977,37.46970662,35272,FALSE,"1","11680","11680.1"
"1070",127.0499,37.46978337,35273,FALSE,"1","11680","11680.1"
"1071",127.04987384,37.46978664,35274,FALSE,"1","11680","11680.1"
"1072",127.04962449,37.46981783,35275,FALSE,"1","11680","11680.1"
"1073",127.04953282,37.46982772,35276,FALSE,"1","11680","11680.1"
"1074",127.04952275,37.46983815,35277,FALSE,"1","11680","11680.1"
"1075",127.04885955,37.46989304,35278,FALSE,"1","11680","11680.1"
"1076",127.04866942,37.4700598,35279,FALSE,"1","11680","11680.1"
"1077",127.04912887,37.47039158,35280,FALSE,"1","11680","11680.1"
"1078",127.04960565,37.4707363,35281,FALSE,"1","11680","11680.1"
"1079",127.04980886,37.4708784,35282,FALSE,"1","11680","11680.1"
"1080",127.05022148,37.47115671,35283,FALSE,"1","11680","11680.1"
"1081",127.05061819,37.47141051,35284,FALSE,"1","11680","11680.1"
"1082",127.05082641,37.47163539,35285,FALSE,"1","11680","11680.1"
"1083",127.04773629,37.47465866,35286,FALSE,"1","11680","11680.1"
"1084",127.04547197,37.47686164,35287,FALSE,"1","11680","11680.1"
"1085",127.04526506,37.47705824,35288,FALSE,"1","11680","11680.1"
"1086",127.0450398,37.4773168,35289,FALSE,"1","11680","11680.1"
"1087",127.04471163,37.47797944,35290,FALSE,"1","11680","11680.1"
"1088",127.04414355,37.47929004,35291,FALSE,"1","11680","11680.1"
"1089",127.04400508,37.47994191,35292,FALSE,"1","11680","11680.1"
"1090",127.04388936,37.48056054,35293,FALSE,"1","11680","11680.1"
"1091",127.04386272,37.48060926,35294,FALSE,"1","11680","11680.1"
"1092",127.04354702,37.48122177,35295,FALSE,"1","11680","11680.1"
"1093",127.04351136,37.48125304,35296,FALSE,"1","11680","11680.1"
"1094",127.04350713,37.48126065,35297,FALSE,"1","11680","11680.1"
"1095",127.04343742,37.48138878,35298,FALSE,"1","11680","11680.1"
"1096",127.04341235,37.48143468,35299,FALSE,"1","11680","11680.1"
"1097",127.04335852,37.48151889,35300,FALSE,"1","11680","11680.1"
"1098",127.0433181,37.48158225,35301,FALSE,"1","11680","11680.1"
"1099",127.04328386,37.48163577,35302,FALSE,"1","11680","11680.1"
"1100",127.04313684,37.48186642,35303,FALSE,"1","11680","11680.1"
"1101",127.04315615,37.4819734,35304,FALSE,"1","11680","11680.1"
"1102",127.04303793,37.48223135,35305,FALSE,"1","11680","11680.1"
"1103",127.04306338,37.48225894,35306,FALSE,"1","11680","11680.1"
"1104",127.04295139,37.48227193,35307,FALSE,"1","11680","11680.1"
"1105",127.04288098,37.48242738,35308,FALSE,"1","11680","11680.1"
"1106",127.04249069,37.48328938,35309,FALSE,"1","11680","11680.1"
"1107",127.04224842,37.48382415,35310,FALSE,"1","11680","11680.1"
"1108",127.04212703,37.48409252,35311,FALSE,"1","11680","11680.1"
"1109",127.04198533,37.48440961,35312,FALSE,"1","11680","11680.1"
"1110",127.04193222,37.48452705,35313,FALSE,"1","11680","11680.1"
"1111",127.04187398,37.48465545,35314,FALSE,"1","11680","11680.1"
"1112",127.04182952,37.48475402,35315,FALSE,"1","11680","11680.1"
"1113",127.04175329,37.48492213,35316,FALSE,"1","11680","11680.1"
"1114",127.04168447,37.48507364,35317,FALSE,"1","11680","11680.1"
"1115",127.04165342,37.48514263,35318,FALSE,"1","11680","11680.1"
"1116",127.04161812,37.48521951,35319,FALSE,"1","11680","11680.1"
"1117",127.04160894,37.48523923,35320,FALSE,"1","11680","11680.1"
"1118",127.04161549,37.48525104,35321,FALSE,"1","11680","11680.1"
"1119",127.04166623,37.48532114,35322,FALSE,"1","11680","11680.1"
"1120",127.04175078,37.48543601,35323,FALSE,"1","11680","11680.1"
"1121",127.04172389,37.48543346,35324,FALSE,"1","11680","11680.1"
"1122",127.04141099,37.48539021,35325,FALSE,"1","11680","11680.1"
"1123",127.04086257,37.48531494,35326,FALSE,"1","11680","11680.1"
"1124",127.04077052,37.48530229,35327,FALSE,"1","11680","11680.1"
"1125",127.04070179,37.48529274,35328,FALSE,"1","11680","11680.1"
"1126",127.04063007,37.48528291,35329,FALSE,"1","11680","11680.1"
"1127",127.04056682,37.48527421,35330,FALSE,"1","11680","11680.1"
"1128",127.04045762,37.48525904,35331,FALSE,"1","11680","11680.1"
"1129",127.0403495,37.48524415,35332,FALSE,"1","11680","11680.1"
"1130",127.04028237,37.48523488,35333,FALSE,"1","11680","11680.1"
"1131",127.04016364,37.48521831,35334,FALSE,"1","11680","11680.1"
"1132",127.0400184,37.48519808,35335,FALSE,"1","11680","11680.1"
"1133",127.03992229,37.48518488,35336,FALSE,"1","11680","11680.1"
"1134",127.03982741,37.48517196,35337,FALSE,"1","11680","11680.1"
"1135",127.03968961,37.48515257,35338,FALSE,"1","11680","11680.1"
"1136",127.03958589,37.48513824,35339,FALSE,"1","11680","11680.1"
"1137",127.03949048,37.48512505,35340,FALSE,"1","11680","11680.1"
"1138",127.03936788,37.48510819,35341,FALSE,"1","11680","11680.1"
"1139",127.03917371,37.48508123,35342,FALSE,"1","11680","11680.1"
"1140",127.03912741,37.48507476,35343,FALSE,"1","11680","11680.1"
"1141",127.03907282,37.48506745,35344,FALSE,"1","11680","11680.1"
"1142",127.03898218,37.48505481,35345,FALSE,"1","11680","11680.1"
"1143",127.03888607,37.48504133,35346,FALSE,"1","11680","11680.1"
"1144",127.0387836,37.48502729,35347,FALSE,"1","11680","11680.1"
"1145",127.03862618,37.48500537,35348,FALSE,"1","11680","11680.1"
"1146",127.03848978,37.48498655,35349,FALSE,"1","11680","11680.1"
"1147",127.03836363,37.48496858,35350,FALSE,"1","11680","11680.1"
"1148",127.03830286,37.48495986,35351,FALSE,"1","11680","11680.1"
"1149",127.03827776,37.48495649,35352,FALSE,"1","11680","11680.1"
"1150",127.03817159,37.48494189,35353,FALSE,"1","11680","11680.1"
"1151",127.03810674,37.48493261,35354,FALSE,"1","11680","11680.1"
"1152",127.0380131,37.48491969,35355,FALSE,"1","11680","11680.1"
"1153",127.03796116,37.48491239,35356,FALSE,"1","11680","11680.1"
"1154",127.03794243,37.48490985,35357,FALSE,"1","11680","11680.1"
"1155",127.03785975,37.48489749,35358,FALSE,"1","11680","11680.1"
"1156",127.03773642,37.48487866,35359,FALSE,"1","11680","11680.1"
"1157",127.03764014,37.48486405,35360,FALSE,"1","11680","11680.1"
"1158",127.03741504,37.48483175,35361,FALSE,"1","11680","11680.1"
"1159",127.0372283,37.4848059,35362,FALSE,"1","11680","11680.1"
"1160",127.03707123,37.48478398,35363,FALSE,"1","11680","11680.1"
"1161",127.03678697,37.48474437,35364,FALSE,"1","11680","11680.1"
"1162",127.03664473,37.4847247,35365,FALSE,"1","11680","11680.1"
"1163",127.03655905,37.48471262,35366,FALSE,"1","11680","11680.1"
"1164",127.03646559,37.48469969,35367,FALSE,"1","11680","11680.1"
"1165",127.03642018,37.48469351,35368,FALSE,"1","11680","11680.1"
"1166",127.0359322,37.48462551,35369,FALSE,"1","11680","11680.1"
"1167",127.03581684,37.4846095,35370,FALSE,"1","11680","11680.1"
"1168",127.03574015,37.48459883,35371,FALSE,"1","11680","11680.1"
"1169",127.03557797,37.48457635,35372,FALSE,"1","11680","11680.1"
"1170",127.03524617,37.48453027,35373,FALSE,"1","11680","11680.1"
"1171",127.03509459,37.48450919,35374,FALSE,"1","11680","11680.1"
"1172",127.03461032,37.48444175,35375,FALSE,"1","11680","11680.1"
"1173",127.03437092,37.48440831,35376,FALSE,"1","11680","11680.1"
"1174",127.03408735,37.48436897,35377,FALSE,"1","11680","11680.1"
"1175",127.03161154,37.48955489,35378,FALSE,"1","11680","11680.1"
"1176",127.02760125,37.49795288,35379,FALSE,"1","11680","11680.1"
"1177",127.02759574,37.49796876,35380,FALSE,"1","11680","11680.1"
"1178",127.02448492,37.50447759,35381,FALSE,"1","11680","11680.1"
"1179",127.02132654,37.51110162,35382,FALSE,"1","11680","11680.1"
"1180",127.02051543,37.51279902,35383,FALSE,"1","11680","11680.1"
"1181",127.0195253,37.51611258,35384,FALSE,"1","11680","11680.1"
"1182",127.01949422,37.51621649,35385,FALSE,"1","11680","11680.1"
"1183",127.01945554,37.51634601,35386,FALSE,"1","11680","11680.1"
"1184",127.01943276,37.51642203,35387,FALSE,"1","11680","11680.1"
"1185",127.01941157,37.51649327,35388,FALSE,"1","11680","11680.1"
"1186",127.01938349,37.5165876,35389,FALSE,"1","11680","11680.1"
"1187",127.0193464,37.51671149,35390,FALSE,"1","11680","11680.1"
"1188",127.01931514,37.51681624,35391,FALSE,"1","11680","11680.1"
"1189",127.01929908,37.51686945,35392,FALSE,"1","11680","11680.1"
"1190",127.01927841,37.51693928,35393,FALSE,"1","11680","11680.1"
"1191",127.01926852,37.51697223,35394,FALSE,"1","11680","11680.1"
"1192",127.01926481,37.51698462,35395,FALSE,"1","11680","11680.1"
"1193",127.01923815,37.5170736,35396,FALSE,"1","11680","11680.1"
"1194",127.01900856,37.51784201,35397,FALSE,"1","11680","11680.1"
"1195",127.01885739,37.51834857,35398,FALSE,"1","11680","11680.1"
"1196",127.01880423,37.51852652,35399,FALSE,"1","11680","11680.1"
"1197",127.018732,37.51876783,35400,FALSE,"1","11680","11680.1"
"1198",127.01847379,37.51963197,35401,FALSE,"1","11680","11680.1"
"1199",127.01839432,37.51989835,35402,FALSE,"1","11680","11680.1"
"1200",127.01833921,37.52008278,35403,FALSE,"1","11680","11680.1"
"1201",127.01831219,37.52017287,35404,FALSE,"1","11680","11680.1"
"1202",127.01826945,37.52031648,35405,FALSE,"1","11680","11680.1"
"1203",127.01782245,37.52181197,35406,FALSE,"1","11680","11680.1"
"1204",127.0169399,37.52302456,35407,FALSE,"1","11680","11680.1"
"1205",127.01616573,37.5238488,35408,FALSE,"1","11680","11680.1"
"1206",127.01608465,37.52393511,35409,FALSE,"1","11680","11680.1"
"1207",127.01607267,37.52394796,35410,FALSE,"1","11680","11680.1"
"1208",127.01605107,37.52397116,35411,FALSE,"1","11680","11680.1"
"1209",127.01601944,37.52400467,35412,FALSE,"1","11680","11680.1"
"1210",127.01600671,37.52401818,35413,FALSE,"1","11680","11680.1"
"1211",127.01598769,37.5240385,35414,FALSE,"1","11680","11680.1"
"1212",127.01597773,37.52404916,35415,FALSE,"1","11680","11680.1"
"1213",127.01596462,37.52406309,35416,FALSE,"1","11680","11680.1"
"1214",127.01592418,37.52410604,35417,FALSE,"1","11680","11680.1"
"1215",127.01588283,37.52415025,35418,FALSE,"1","11680","11680.1"
"1216",127.01587369,37.52415998,35419,FALSE,"1","11680","11680.1"
"1217",127.01584608,37.52418938,35420,FALSE,"1","11680","11680.1"
"1218",127.01582239,37.52421473,35421,FALSE,"1","11680","11680.1"
"1219",127.0157595,37.52428164,35422,FALSE,"1","11680","11680.1"
"1220",127.01575383,37.52428767,35423,FALSE,"1","11680","11680.1"
"1221",127.01571922,37.52432453,35424,FALSE,"1","11680","11680.1"
"1222",127.01568261,37.52436341,35425,FALSE,"1","11680","11680.1"
"1223",127.01567411,37.5243726,35426,FALSE,"1","11680","11680.1"
"1224",127.01566282,37.52438481,35427,FALSE,"1","11680","11680.1"
"1225",127.0156363,37.52441297,35428,FALSE,"1","11680","11680.1"
"1226",127.01560361,37.52444776,35429,FALSE,"1","11680","11680.1"
"1227",127.01557169,37.52448174,35430,FALSE,"1","11680","11680.1"
"1228",127.01554,37.52451547,35431,FALSE,"1","11680","11680.1"
"1229",127.01550461,37.52455322,35432,FALSE,"1","11680","11680.1"
"1230",127.01545552,37.52460558,35433,FALSE,"1","11680","11680.1"
"1231",127.01538076,37.52468528,35434,FALSE,"1","11680","11680.1"
"1232",127.01531661,37.5247537,35435,FALSE,"1","11680","11680.1"
"1233",127.0152514,37.52482287,35436,FALSE,"1","11680","11680.1"
"1234",127.01523165,37.5248438,35437,FALSE,"1","11680","11680.1"
"1235",127.01522447,37.52484853,35438,FALSE,"1","11680","11680.1"
"1236",127.01513791,37.52476217,35439,FALSE,"1","11680","11680.1"
"1237",127.01503802,37.524658,35440,FALSE,"1","11680","11680.1"
"1238",127.01497579,37.52459269,35441,FALSE,"1","11680","11680.1"
"1239",127.01496017,37.52457618,35442,FALSE,"1","11680","11680.1"
"1240",127.01495422,37.52456988,35443,FALSE,"1","11680","11680.1"
"1241",127.01494034,37.52455459,35444,FALSE,"1","11680","11680.1"
"1242",127.014933,37.52454652,35445,FALSE,"1","11680","11680.1"
"1243",127.01488916,37.5244981,35446,FALSE,"1","11680","11680.1"
"1244",127.01478132,37.52437901,35447,FALSE,"1","11680","11680.1"
"1245",127.01469574,37.52428412,35448,FALSE,"1","11680","11680.1"
"1246",127.0146199,37.52420136,35449,FALSE,"1","11680","11680.1"
"1247",127.01456917,37.5241459,35450,FALSE,"1","11680","11680.1"
"1248",127.01454017,37.52411437,35451,FALSE,"1","11680","11680.1"
"1249",127.01452249,37.52409465,35452,FALSE,"1","11680","11680.1"
"1250",127.01448023,37.52404398,35453,FALSE,"1","11680","11680.1"
"1251",127.01443958,37.52399527,35454,FALSE,"1","11680","11680.1"
"1252",127.01442508,37.52397781,35455,FALSE,"1","11680","11680.1"
"1253",127.01441897,37.52397042,35456,FALSE,"1","11680","11680.1"
"1254",127.01440439,37.52395276,35457,FALSE,"1","11680","11680.1"
"1255",127.01439573,37.52394262,35458,FALSE,"1","11680","11680.1"
"1256",127.01438264,37.52392686,35459,FALSE,"1","11680","11680.1"
"1257",127.01437545,37.52391814,35460,FALSE,"1","11680","11680.1"
"1258",127.01436638,37.52390716,35461,FALSE,"1","11680","11680.1"
"1259",127.01434759,37.52388362,35462,FALSE,"1","11680","11680.1"
"1260",127.01433828,37.52387197,35463,FALSE,"1","11680","11680.1"
"1261",127.01431423,37.52384155,35464,FALSE,"1","11680","11680.1"
"1262",127.01430822,37.52383396,35465,FALSE,"1","11680","11680.1"
"1263",127.01428612,37.52380608,35466,FALSE,"1","11680","11680.1"
"1264",127.0142696,37.52378528,35467,FALSE,"1","11680","11680.1"
"1265",127.01426332,37.52377737,35468,FALSE,"1","11680","11680.1"
"1266",127.01423025,37.5237357,35469,FALSE,"1","11680","11680.1"
"1267",127.01419242,37.52369347,35470,FALSE,"1","11680","11680.1"
"1268",127.0141872,37.52368846,35471,FALSE,"1","11680","11680.1"
"1269",127.01418305,37.52368446,35472,FALSE,"1","11680","11680.1"
"1270",127.01416767,37.52366997,35473,FALSE,"1","11680","11680.1"
"1271",127.01416184,37.52366447,35474,FALSE,"1","11680","11680.1"
"1272",127.01414641,37.52365094,35475,FALSE,"1","11680","11680.1"
"1273",127.0141134,37.52362195,35476,FALSE,"1","11680","11680.1"
"1274",127.01407808,37.5235826,35477,FALSE,"1","11680","11680.1"
"1275",127.01405816,37.52356097,35478,FALSE,"1","11680","11680.1"
"1276",127.01396914,37.5234643,35479,FALSE,"1","11680","11680.1"
"1277",127.01385988,37.52334099,35480,FALSE,"1","11680","11680.1"
"1278",127.01380066,37.52327961,35481,FALSE,"1","11680","11680.1"
"1279",127.01373597,37.52321622,35482,FALSE,"1","11680","11680.1"
"1280",127.01363289,37.5231152,35483,FALSE,"1","11680","11680.1"
"1281",127.0135723,37.52305615,35484,FALSE,"1","11680","11680.1"
"1282",127.01354923,37.52303552,35485,FALSE,"1","11680","11680.1"
"1283",127.01352186,37.52301103,35486,FALSE,"1","11680","11680.1"
"1284",127.01347361,37.52297472,35487,FALSE,"1","11680","11680.1"
"1285",127.0134537,37.5229672,35488,FALSE,"1","11680","11680.1"
"1286",127.01342588,37.5229567,35489,FALSE,"1","11680","11680.1"
"1287",127.01337951,37.52291344,35490,FALSE,"1","11680","11680.1"
"1288",127.01333888,37.52286204,35491,FALSE,"1","11680","11680.1"
"1289",127.01329753,37.52280974,35492,FALSE,"1","11680","11680.1"
"1290",127.01323636,37.52271992,35493,FALSE,"1","11680","11680.1"
"1291",127.01318774,37.52260535,35494,FALSE,"1","11680","11680.1"
"1292",127.0131771,37.52258796,35495,FALSE,"1","11680","11680.1"
"1293",127.01317165,37.52259183,35496,FALSE,"1","11680","11680.1"
"1294",127.01311904,37.52262676,35497,FALSE,"1","11680","11680.1"
"1295",127.01306925,37.52265983,35498,FALSE,"1","11680","11680.1"
"1296",127.01293229,37.52275078,35499,FALSE,"1","11680","11680.1"
"1297",127.01273918,37.52287849,35500,FALSE,"1","11680","11680.1"
"1298",127.01261041,37.52296345,35501,FALSE,"1","11680","11680.1"
"1299",127.01259107,37.52297621,35502,FALSE,"1","11680","11680.1"
"1300",127.01194897,37.52338763,35503,FALSE,"1","11680","11680.1"
"1301",127.01184776,37.52345363,35504,FALSE,"1","11680","11680.1"
"1302",127.01163044,37.52359531,35505,FALSE,"1","11680","11680.1"
"1303",127.01139865,37.52374618,35506,FALSE,"1","11680","11680.1"
"1304",127.01059531,37.52427044,35507,FALSE,"1","11680","11680.1"
"1305",127.01027464,37.52448092,35508,FALSE,"1","11680","11680.1"
"1306",127.00983513,37.52476942,35509,FALSE,"1","11680","11680.1"
"1307",127.00966696,37.52487976,35510,FALSE,"1","11680","11680.1"
"1308",127.00958363,37.52493443,35511,FALSE,"1","11680","11680.1"
"1309",127.00920095,37.52518532,35512,FALSE,"1","11680","11680.1"
"1310",127.00894352,37.52535695,35513,FALSE,"1","11680","11680.1"
"1311",127.00888881,37.52539342,35514,FALSE,"1","11680","11680.1"
"1312",127.00857826,37.52559504,35515,FALSE,"1","11680","11680.1"
"1313",127.00858622,37.5256032,35516,FALSE,"1","11680","11680.1"
"1314",127.00875504,37.525771,35517,FALSE,"1","11680","11680.1"
"1315",127.00883495,37.52584955,35518,FALSE,"1","11680","11680.1"
"1316",127.0088859,37.52589962,35519,FALSE,"1","11680","11680.1"
"1317",127.00889912,37.52591262,35520,FALSE,"1","11680","11680.1"
"1318",127.00897372,37.52598779,35521,FALSE,"1","11680","11680.1"
"1319",127.00935062,37.5263797,35522,FALSE,"1","11680","11680.1"
"1320",127.00944431,37.52647402,35523,FALSE,"1","11680","11680.1"
"1321",127.00958309,37.5266131,35524,FALSE,"1","11680","11680.1"
"1322",127.00986523,37.52689914,35525,FALSE,"1","11680","11680.1"
"1323",127.00991017,37.52694711,35526,FALSE,"1","11680","11680.1"
"1324",127.0099462,37.52698558,35527,FALSE,"1","11680","11680.1"
"1325",127.00996247,37.52700303,35528,FALSE,"1","11680","11680.1"
"1326",127.00997077,37.52701148,35529,FALSE,"1","11680","11680.1"
"1327",127.010001,37.52704189,35530,FALSE,"1","11680","11680.1"
"1328",127.01007607,37.52712486,35531,FALSE,"1","11680","11680.1"
"1329",127.0100848,37.52713451,35532,FALSE,"1","11680","11680.1"
"1330",127.01023967,37.52730569,35533,FALSE,"1","11680","11680.1"
"1331",127.01043887,37.52752823,35534,FALSE,"1","11680","11680.1"
"1332",127.01047834,37.52757231,35535,FALSE,"1","11680","11680.1"
"1333",127.01054876,37.52765057,35536,FALSE,"1","11680","11680.1"
"1334",127.01141816,37.52861654,35537,FALSE,"1","11680","11680.1"
"1335",127.01229082,37.52953605,35538,FALSE,"1","11680","11680.1"
"1336",127.01240268,37.52963517,35539,FALSE,"1","11680","11680.1"
"1337",127.01245347,37.52968018,35540,FALSE,"1","11680","11680.1"
"1338",127.01259792,37.529808,35541,FALSE,"1","11680","11680.1"
"1339",127.01334507,37.53054956,35542,FALSE,"1","11680","11680.1"
"1340",127.0136886,37.53087839,35543,FALSE,"1","11680","11680.1"
"1341",127.01403407,37.53120637,35544,FALSE,"1","11680","11680.1"
"1342",127.0142013,37.53136238,35545,FALSE,"1","11680","11680.1"
"1343",127.01441914,37.5315656,35546,FALSE,"1","11680","11680.1"
"1344",127.01480063,37.53192545,35547,FALSE,"1","11680","11680.1"
"1345",127.01501993,37.53213232,35548,FALSE,"1","11680","11680.1"
"1346",127.01506758,37.53215928,35549,FALSE,"1","11680","11680.1"
"1347",127.01554571,37.53242986,35550,FALSE,"1","11680","11680.1"
"1348",127.01600797,37.5328118,35551,FALSE,"1","11680","11680.1"
"1349",127.01629395,37.53304808,35552,FALSE,"1","11680","11680.1"
"1350",127.01644463,37.53317189,35553,FALSE,"1","11680","11680.1"
"1351",127.01683764,37.53349485,35554,FALSE,"1","11680","11680.1"
"1352",127.01718313,37.53377946,35555,FALSE,"1","11680","11680.1"
"1353",127.01736113,37.53392751,35556,FALSE,"1","11680","11680.1"
"1354",127.01743968,37.53399284,35557,FALSE,"1","11680","11680.1"
"1355",127.01774734,37.53424846,35558,FALSE,"1","11680","11680.1"
"1356",127.01792688,37.53433045,35559,FALSE,"1","11680","11680.1"
"1357",127.01805675,37.53438976,35560,FALSE,"1","11680","11680.1"
"1358",127.01868809,37.53467932,35561,FALSE,"1","11680","11680.1"
"1359",127.01944622,37.53502701,35562,FALSE,"1","11680","11680.1"
"1360",127.02026177,37.53540381,35563,FALSE,"1","11680","11680.1"
"1361",127.02037162,37.53545455,35564,FALSE,"1","11680","11680.1"
"1362",127.02057927,37.53554924,35565,FALSE,"1","11680","11680.1"
"1363",127.02117314,37.53582004,35566,FALSE,"1","11680","11680.1"
"1364",127.02144427,37.5358207,35567,FALSE,"1","11680","11680.1"
"1365",127.02214738,37.53581762,35568,FALSE,"1","11680","11680.1"
"1366",127.02265136,37.53581541,35569,FALSE,"1","11680","11680.1"
"1367",127.02364368,37.53581677,35570,FALSE,"1","11680","11680.1"
"1368",127.02464462,37.53581814,35571,FALSE,"1","11680","11680.1"
"1369",127.02685072,37.53582698,35572,FALSE,"1","11680","11680.1"
"1370",127.02783485,37.53583082,35573,FALSE,"1","11680","11680.1"
"1371",127.02883126,37.5358347,35574,FALSE,"1","11680","11680.1"
"1372",127.02937912,37.53583626,35575,FALSE,"1","11680","11680.1"
"1373",127.03016741,37.53583748,35576,FALSE,"1","11680","11680.1"
"1374",127.03062758,37.53583737,35577,FALSE,"1","11680","11680.1"
"1375",127.03098769,37.53583747,35578,FALSE,"1","11680","11680.1"
"1376",127.03117915,37.53583751,35579,FALSE,"1","11680","11680.1"
"1377",127.03168615,37.53583818,35580,FALSE,"1","11680","11680.1"
"1378",127.03207369,37.5358387,35581,FALSE,"1","11680","11680.1"
"1379",127.03290016,37.53583933,35582,FALSE,"1","11680","11680.1"
"1380",127.03496114,37.53584066,35583,FALSE,"1","11680","11680.1"
"1381",127.03503414,37.5358407,35584,FALSE,"1","11680","11680.1"
"1382",127.03580704,37.53584105,35585,FALSE,"1","11680","11680.1"
"1383",127.03583785,37.53584118,35586,FALSE,"1","11680","11680.1"
"1384",127.03587034,37.53584131,35587,FALSE,"1","11680","11680.1"
"1385",127.0366465,37.53584089,35588,FALSE,"1","11680","11680.1"
"1386",127.03705233,37.53584068,35589,FALSE,"1","11680","11680.1"
"1387",127.03967972,37.53584014,35590,FALSE,"1","11680","11680.1"
